Source.Name,Cost Center,Cost Center Name,Person Name,Target Type,Job Level,Util % YTD,Util %,Util % Target,Util % Variance,Billability % YTD,Billability %,Billability % Target,Billability % Variance,Total,Avail Total,Direct Total,Indirect Total,OT Hours,Admin,Bench,Bus Dev,Mngmt,Opportunity,Training,Other,Unpaid OT,Fringe Total,Stat & Disc,Vacation,Wellness,Unpaid Regular
FY26_P01_Utilization_2025-10.csv,CC-1010,Structural Engineering,Amara Ashby,Billable Staff,L3 Senior Engineer,69.77,69.77,85.00,-15.23,66.74,66.74,78.00,-11.26,184.0,176.0,122.8,53.2,0.0,3.2,0.0,2.0,2.0,2.8,42.3,0.9,0.0,8.0,8.0,0.0,0.0,0.0
FY26_P01_Utilization_2025-10.csv,CC-1010,Structural Engineering,Bennett Salazar,Billable Staff,L3 Senior Engineer,94.64,94.64,85.00,9.64,86.41,86.41,78.00,8.41,184.0,168.0,159.0,9.0,0.0,2.1,0.0,1.2,1.3,1.3,2.5,0.6,0.0,16.0,8.0,4.0,4.0,0.0
FY26_P01_Utilization_2025-10.csv,CC-1010,Structural Engineering,Camille Thorne,Billable Staff,L3 Senior Engineer,88.63,88.63,85.00,3.63,77.07,77.07,78.00,-0.93,184.0,160.0,141.8,18.2,0.0,4.9,0.0,2.9,3.1,0.0,6.5,0.8,0.0,24.0,8.0,8.0,8.0,0.0
FY26_P01_Utilization_2025-10.csv,CC-1010,Structural Engineering,Devon Sandoval,Billable Staff,L1 Analyst,83.90,83.90,80.00,3.90,78.42,78.42,73.50,4.92,184.0,172.0,144.3,27.7,0.0,4.7,5.9,1.2,1.0,6.9,7.8,0.2,0.0,12.0,8.0,4.0,0.0,0.0
FY26_P01_Utilization_2025-10.csv,CC-1010,Structural Engineering,Elena Lindqvist,Billable Staff,L1 Analyst,73.65,73.65,80.00,-6.35,62.45,62.45,73.50,-11.05,184.0,156.0,114.9,41.1,0.0,5.7,20.7,0.6,0.8,0.0,12.6,0.7,0.0,28.0,8.0,16.0,4.0,0.0
FY26_P01_Utilization_2025-10.csv,CC-1010,Structural Engineering,Farid Beaumont,Billable Staff,L3 Senior Engineer,98.48,98.48,85.00,13.48,87.84,87.84,78.00,9.84,148.0,132.0,130.0,2.0,0.0,0.4,0.0,0.3,0.3,0.1,0.8,0.1,0.0,16.0,8.0,8.0,0.0,36.0
FY26_P01_Utilization_2025-10.csv,CC-1010,Structural Engineering,Grace Mbeki,Billable Staff,L1 Analyst,73.09,73.09,80.00,-6.91,64.59,64.59,73.50,-8.91,172.0,152.0,111.1,40.9,0.0,4.1,25.3,0.7,0.9,0.0,7.9,2.0,0.0,20.0,8.0,12.0,0.0,12.0
FY26_P01_Utilization_2025-10.csv,CC-1010,Structural Engineering,Hassan Adeyemi,Billable Staff,L2 Engineer,71.94,71.94,85.00,-13.06,67.45,67.45,78.00,-10.55,192.0,180.0,129.5,50.5,8.0,5.6,33.9,1.7,1.1,0.0,8.1,0.1,0.0,12.0,8.0,0.0,4.0,0.0
FY26_P01_Utilization_2025-10.csv,CC-1010,Structural Engineering,Imani Mensah,Billable Staff,L3 Senior Engineer,76.98,76.98,85.00,-8.02,71.96,71.96,78.00,-6.04,184.0,172.0,132.4,39.6,0.0,7.4,17.7,3.6,5.3,0.0,5.4,0.2,0.0,12.0,8.0,4.0,0.0,0.0
FY26_P01_Utilization_2025-10.csv,CC-1010,Structural Engineering,Jonas Whitfield,Billable Staff,L1 Analyst,80.24,80.24,80.00,0.24,71.52,71.52,73.50,-1.98,184.0,164.0,131.6,32.4,0.0,5.2,15.5,0.8,1.0,0.0,8.9,1.0,0.0,20.0,8.0,12.0,0.0,0.0
FY26_P01_Utilization_2025-10.csv,CC-1010,Structural Engineering,Katya Rathore,Billable Staff,L1 Analyst,73.33,73.33,80.00,-6.67,66.96,66.96,73.50,-6.54,184.0,168.0,123.2,44.8,0.0,7.1,27.1,1.0,0.7,0.0,6.5,2.4,10.0,16.0,8.0,8.0,0.0,0.0
FY26_P01_Utilization_2025-10.csv,CC-1020,Mechanical Engineering,Liam Carrasco,Project Leadership,L4 Manager,59.14,59.14,60.00,-0.86,55.56,55.56,55.00,0.56,198.0,186.0,110.0,76.0,14.0,5.0,20.1,7.2,33.8,0.0,7.5,2.4,12.0,12.0,8.0,4.0,0.0,0.0
FY26_P01_Utilization_2025-10.csv,CC-1020,Mechanical Engineering,Maren Yilmaz,Billable Staff,L3 Senior Engineer,92.33,92.33,85.00,7.33,86.30,86.30,78.00,8.30,184.0,172.0,158.8,13.2,0.0,4.2,0.0,2.4,1.8,1.0,3.0,0.8,0.0,12.0,8.0,4.0,0.0,0.0
FY26_P01_Utilization_2025-10.csv,CC-1020,Mechanical Engineering,Nikhil Petrova,Billable Staff,L2 Engineer,59.48,59.48,85.00,-25.52,55.60,55.60,78.00,-22.40,184.0,172.0,102.3,69.7,0.0,5.4,46.2,1.9,1.4,1.7,10.9,2.2,0.0,12.0,8.0,4.0,0.0,0.0
FY26_P01_Utilization_2025-10.csv,CC-1020,Mechanical Engineering,Odessa Duarte,Billable Staff,L2 Engineer,89.81,89.81,85.00,4.81,78.10,78.10,78.00,0.10,184.0,160.0,143.7,16.3,0.0,3.5,0.0,1.5,1.0,3.6,5.6,1.1,6.0,24.0,8.0,8.0,8.0,0.0
FY26_P01_Utilization_2025-10.csv,CC-1020,Mechanical Engineering,Priya Halvorsen,Billable Staff,L2 Engineer,85.83,85.83,85.00,0.83,78.37,78.37,78.00,0.37,184.0,168.0,144.2,23.8,0.0,5.7,0.0,1.5,1.8,0.0,13.4,1.4,0.0,16.0,8.0,8.0,0.0,0.0
FY26_P01_Utilization_2025-10.csv,CC-1020,Mechanical Engineering,Quentin Ferreira,Project Leadership,L5 Principal,67.44,67.44,55.00,12.44,60.11,60.11,50.50,9.61,184.0,164.0,110.6,53.4,0.0,7.7,3.8,14.5,12.2,0.0,13.4,1.8,0.0,20.0,8.0,8.0,4.0,0.0
FY26_P01_Utilization_2025-10.csv,CC-1020,Mechanical Engineering,Rosalind Moreau,Billable Staff,L1 Analyst,75.35,75.35,80.00,-4.65,70.43,70.43,73.50,-3.07,184.0,172.0,129.6,42.4,0.0,4.6,21.5,1.3,0.6,0.0,14.1,0.3,0.0,12.0,8.0,4.0,0.0,0.0
FY26_P01_Utilization_2025-10.csv,CC-1020,Mechanical Engineering,Soren Iverson,Billable Staff,L3 Senior Engineer,89.71,89.71,85.00,4.71,83.86,83.86,78.00,5.86,184.0,172.0,154.3,17.7,0.0,3.8,0.0,2.5,4.2,0.0,5.4,1.8,6.0,12.0,8.0,4.0,0.0,0.0
FY26_P01_Utilization_2025-10.csv,CC-1020,Mechanical Engineering,Tamsin Vasquez,Billable Staff,L1 Analyst,80.19,80.19,80.00,0.19,69.73,69.73,73.50,-3.77,184.0,160.0,128.3,31.7,0.0,7.4,13.8,0.5,0.9,0.0,6.8,2.3,4.0,24.0,8.0,8.0,8.0,0.0
FY26_P01_Utilization_2025-10.csv,CC-1020,Mechanical Engineering,Ulises Larkin,Project Leadership,L4 Manager,74.51,74.51,60.00,14.51,66.41,66.41,55.00,11.41,184.0,164.0,122.2,41.8,0.0,3.9,0.0,6.9,18.5,2.1,9.5,0.9,0.0,20.0,8.0,12.0,0.0,0.0
FY26_P01_Utilization_2025-10.csv,CC-1030,Electrical Engineering,Adaeze Haddad,Billable Staff,L3 Senior Engineer,81.81,81.81,85.00,-3.19,71.14,71.14,78.00,-6.86,184.0,160.0,130.9,29.1,0.0,8.0,0.1,3.4,4.6,0.0,10.9,2.1,0.0,24.0,16.0,4.0,4.0,0.0
FY26_P01_Utilization_2025-10.csv,CC-1030,Electrical Engineering,Bruno Kowalski,Project Leadership,L4 Manager,63.49,63.49,60.00,3.49,59.35,59.35,55.00,4.35,184.0,172.0,109.2,62.8,0.0,5.4,4.8,7.2,31.2,0.0,12.1,2.1,0.0,12.0,8.0,4.0,0.0,0.0
FY26_P01_Utilization_2025-10.csv,CC-1030,Electrical Engineering,Clara Bergstrom,Project Leadership,L5 Principal,50.58,50.58,55.00,-4.42,47.28,47.28,50.50,-3.22,184.0,172.0,87.0,85.0,0.0,8.0,23.4,14.4,22.2,0.0,14.6,2.4,0.0,12.0,8.0,4.0,0.0,0.0
FY26_P01_Utilization_2025-10.csv,CC-1030,Electrical Engineering,Dmitri Delacroix,Billable Staff,L1 Analyst,72.33,72.33,80.00,-7.67,69.18,69.18,73.50,-4.32,184.0,176.0,127.3,48.7,0.0,6.5,25.6,0.7,1.0,0.0,13.2,1.7,0.0,8.0,8.0,0.0,0.0,0.0
FY26_P01_Utilization_2025-10.csv,CC-1030,Electrical Engineering,Vera Okafor,Billable Staff,L3 Senior Engineer,88.64,88.64,85.00,3.64,73.13,73.13,78.00,-4.87,160.0,132.0,117.0,15.0,0.0,3.6,0.0,1.3,2.6,0.0,6.5,1.0,0.0,28.0,16.0,12.0,0.0,24.0
FY26_P01_Utilization_2025-10.csv,CC-1030,Electrical Engineering,Wren Nakamura,Overhead,L2 Engineer,14.58,14.58,25.00,-10.42,13.32,13.32,23.00,-9.68,184.0,168.0,24.5,143.5,0.0,4.3,120.5,6.9,1.3,0.0,8.5,2.0,0.0,16.0,8.0,8.0,0.0,0.0
FY26_P01_Utilization_2025-10.csv,CC-1030,Electrical Engineering,Xiomara Fontaine,Overhead,L4 Manager,20.65,20.65,25.00,-4.35,19.00,19.00,23.00,-4.00,200.0,184.0,38.0,146.0,16.0,4.6,51.0,23.1,56.2,0.0,10.5,0.6,18.0,16.0,8.0,8.0,0.0,0.0
FY26_P01_Utilization_2025-10.csv,CC-1030,Electrical Engineering,Yusuf Novak,Billable Staff,L2 Engineer,67.15,67.15,85.00,-17.85,62.77,62.77,78.00,-15.23,184.0,172.0,115.5,56.5,0.0,8.1,29.6,2.0,1.1,0.0,14.6,1.1,0.0,12.0,8.0,4.0,0.0,0.0
FY26_P01_Utilization_2025-10.csv,CC-1030,Electrical Engineering,Zara Ashworth,Project Leadership,L5 Principal,65.30,65.30,55.00,10.30,59.62,59.62,50.50,9.12,184.0,168.0,109.7,58.3,0.0,6.1,16.9,6.8,11.5,0.0,14.7,2.3,0.0,16.0,8.0,8.0,0.0,0.0
FY26_P01_Utilization_2025-10.csv,CC-2010,Project Management,Amara Petrova,Billable Staff,L2 Engineer,90.24,90.24,85.00,5.24,82.39,82.39,78.00,4.39,184.0,168.0,151.6,16.4,0.0,3.7,0.0,1.1,1.6,2.6,7.0,0.4,0.0,16.0,8.0,8.0,0.0,0.0
FY26_P01_Utilization_2025-10.csv,CC-2010,Project Management,Bennett Duarte,Billable Staff,L3 Senior Engineer,95.87,95.87,85.00,10.87,89.62,89.62,78.00,11.62,184.0,172.0,164.9,7.1,0.0,1.7,0.0,0.8,1.6,0.4,2.3,0.3,0.0,12.0,8.0,4.0,0.0,0.0
FY26_P01_Utilization_2025-10.csv,CC-2010,Project Management,Camille Halvorsen,Project Leadership,L5 Principal,37.26,37.26,55.00,-17.74,34.02,34.02,50.50,-16.48,184.0,168.0,62.6,105.4,0.0,5.2,49.4,21.0,11.1,0.0,17.3,1.4,0.0,16.0,8.0,8.0,0.0,0.0
FY26_P01_Utilization_2025-10.csv,CC-2010,Project Management,Devon Ferreira,Billable Staff,L3 Senior Engineer,82.38,82.38,85.00,-2.62,75.22,75.22,78.00,-2.78,184.0,168.0,138.4,29.6,0.0,7.9,1.1,4.7,2.3,0.3,12.7,0.6,0.0,16.0,8.0,8.0,0.0,0.0
FY26_P01_Utilization_2025-10.csv,CC-2010,Project Management,Elena Moreau,Project Leadership,L4 Manager,61.31,61.31,60.00,1.31,53.32,53.32,55.00,-1.68,184.0,160.0,98.1,61.9,0.0,6.3,13.3,8.3,22.3,3.8,7.1,0.8,0.0,24.0,8.0,8.0,8.0,0.0
FY26_P01_Utilization_2025-10.csv,CC-2010,Project Management,Farid Iverson,Billable Staff,L2 Engineer,60.12,60.12,85.00,-24.88,53.59,53.59,78.00,-24.41,184.0,164.0,98.6,65.4,0.0,5.4,0.0,1.4,1.4,0.0,56.0,1.2,0.0,20.0,8.0,4.0,8.0,0.0
FY26_P01_Utilization_2025-10.csv,CC-2010,Project Management,Grace Vasquez,Billable Staff,L2 Engineer,89.49,89.49,85.00,4.49,83.78,83.78,78.00,5.78,188.0,176.0,157.5,18.5,4.0,3.9,0.0,1.5,1.4,5.1,4.9,1.7,4.0,12.0,8.0,4.0,0.0,0.0
FY26_P01_Utilization_2025-10.csv,CC-2010,Project Management,Hassan Larkin,Billable Staff,L2 Engineer,66.99,66.99,85.00,-18.01,64.08,64.08,78.00,-13.92,184.0,176.0,117.9,58.1,0.0,8.5,40.2,1.0,1.8,0.0,6.1,0.5,0.0,8.0,8.0,0.0,0.0,0.0
FY26_P01_Utilization_2025-10.csv,CC-2010,Project Management,Imani Okafor,Billable Staff,L1 Analyst,52.50,52.50,80.00,-27.50,49.08,49.08,73.50,-24.42,184.0,172.0,90.3,81.7,0.0,8.4,12.7,0.8,0.6,1.2,55.8,2.2,0.0,12.0,8.0,4.0,0.0,0.0
FY26_P01_Utilization_2025-10.csv,CC-2010,Project Management,Jonas Nakamura,Project Leadership,L4 Manager,62.87,62.87,60.00,2.87,56.03,56.03,55.00,1.03,184.0,164.0,103.1,60.9,0.0,5.1,17.9,7.5,20.3,2.4,5.4,2.3,0.0,20.0,8.0,4.0,8.0,0.0
FY26_P01_Utilization_2025-10.csv,CC-3010,Field Services,Katya Fontaine,Billable Staff,L2 Engineer,89.89,89.89,85.00,4.89,81.08,81.08,78.00,3.08,204.0,184.0,165.4,18.6,20.0,4.3,0.0,1.8,1.8,4.2,4.7,1.8,0.0,20.0,8.0,12.0,0.0,0.0
FY26_P01_Utilization_2025-10.csv,CC-3010,Field Services,Liam Novak,Billable Staff,L3 Senior Engineer,61.90,61.90,85.00,-23.10,56.52,56.52,78.00,-21.48,184.0,168.0,104.0,64.0,0.0,5.2,0.0,4.2,5.5,0.0,47.0,2.1,0.0,16.0,8.0,0.0,8.0,0.0
FY26_P01_Utilization_2025-10.csv,CC-3010,Field Services,Maren Ashworth,Billable Staff,L3 Senior Engineer,94.51,94.51,85.00,9.51,80.73,80.73,78.00,2.73,192.0,164.0,155.0,9.0,8.0,2.2,0.0,1.1,2.2,0.0,3.0,0.5,0.0,28.0,8.0,12.0,8.0,0.0
FY26_P01_Utilization_2025-10.csv,CC-3010,Field Services,Nikhil Haddad,Billable Staff,L3 Senior Engineer,83.23,83.23,85.00,-1.77,74.18,74.18,78.00,-3.82,184.0,164.0,136.5,27.5,0.0,5.8,0.0,1.5,3.5,5.8,10.9,0.0,0.0,20.0,8.0,8.0,4.0,0.0
FY26_P01_Utilization_2025-10.csv,CC-3010,Field Services,Odessa Kowalski,Project Leadership,L4 Manager,70.54,70.54,60.00,10.54,64.34,64.34,55.00,9.34,182.0,166.0,117.1,48.9,14.0,6.1,0.0,7.8,24.2,3.6,5.8,1.4,0.0,16.0,8.0,4.0,4.0,16.0
FY26_P01_Utilization_2025-10.csv,CC-3010,Field Services,Priya Bergstrom,Billable Staff,L2 Engineer,98.47,98.47,85.00,13.47,90.00,90.00,78.00,12.00,186.0,170.0,167.4,2.6,2.0,0.5,0.0,0.2,0.2,0.8,0.8,0.1,0.0,16.0,8.0,4.0,4.0,0.0
FY26_P01_Utilization_2025-10.csv,CC-3010,Field Services,Quentin Delacroix,Billable Staff,L3 Senior Engineer,60.23,60.23,85.00,-24.77,56.30,56.30,78.00,-21.70,184.0,172.0,103.6,68.4,0.0,6.6,4.2,2.3,5.5,1.5,47.0,1.3,4.0,12.0,8.0,4.0,0.0,0.0
FY26_P01_Utilization_2025-10.csv,CC-3010,Field Services,Rosalind Ashby,Project Leadership,L4 Manager,64.42,64.42,60.00,4.42,60.22,60.22,55.00,5.22,184.0,172.0,110.8,61.2,0.0,5.4,8.5,9.8,24.4,0.0,12.0,1.1,0.0,12.0,8.0,4.0,0.0,0.0
FY26_P01_Utilization_2025-10.csv,CC-3010,Field Services,Soren Salazar,Project Leadership,L4 Manager,68.01,68.01,60.00,8.01,57.66,57.66,55.00,2.66,184.0,156.0,106.1,49.9,0.0,6.3,0.0,7.9,24.8,0.0,9.6,1.3,6.0,28.0,16.0,12.0,0.0,0.0
FY26_P01_Utilization_2025-10.csv,CC-3010,Field Services,Tamsin Thorne,Project Leadership,L4 Manager,54.83,54.83,60.00,-5.17,51.25,51.25,55.00,-3.75,184.0,172.0,94.3,77.7,0.0,7.1,16.3,3.3,32.4,7.9,10.5,0.2,0.0,12.0,8.0,4.0,0.0,0.0
FY26_P01_Utilization_2025-10.csv,CC-4010,Digital Solutions,Adaeze Whitfield,Billable Staff,L3 Senior Engineer,55.06,55.06,85.00,-29.94,51.47,51.47,78.00,-26.53,184.0,172.0,94.7,77.3,0.0,7.7,8.0,6.5,5.8,0.0,48.3,1.0,0.0,12.0,8.0,4.0,0.0,0.0
FY26_P01_Utilization_2025-10.csv,CC-4010,Digital Solutions,Bruno Rathore,Project Leadership,L4 Manager,61.40,61.40,60.00,1.40,54.11,54.11,55.00,-0.89,202.0,178.0,109.3,68.7,18.0,7.3,0.1,12.3,36.5,3.6,7.7,1.2,0.0,24.0,8.0,8.0,8.0,0.0
FY26_P01_Utilization_2025-10.csv,CC-4010,Digital Solutions,Clara Carrasco,Project Leadership,L4 Manager,58.00,58.00,60.00,-2.00,51.89,51.89,55.00,-3.11,190.0,170.0,98.6,71.4,6.0,7.2,11.8,13.0,25.4,3.9,9.9,0.2,0.0,20.0,8.0,4.0,8.0,0.0
FY26_P01_Utilization_2025-10.csv,CC-4010,Digital Solutions,Dmitri Yilmaz,Billable Staff,L3 Senior Engineer,83.75,83.75,85.00,-1.25,69.18,69.18,78.00,-8.82,184.0,152.0,127.3,24.7,0.0,6.5,0.0,2.2,6.8,0.0,8.3,0.9,0.0,32.0,16.0,8.0,8.0,0.0
FY26_P01_Utilization_2025-10.csv,CC-4010,Digital Solutions,Ulises Sandoval,Project Leadership,L4 Manager,27.67,27.67,60.00,-32.33,26.47,26.47,55.00,-28.53,184.0,176.0,48.7,127.3,0.0,4.6,37.9,7.2,15.4,0.0,60.1,2.1,4.0,8.0,8.0,0.0,0.0,0.0
FY26_P01_Utilization_2025-10.csv,CC-4010,Digital Solutions,Vera Lindqvist,Billable Staff,L2 Engineer,88.08,88.08,85.00,3.08,74.67,74.67,78.00,-3.33,184.0,156.0,137.4,18.6,0.0,5.9,0.0,2.0,0.9,0.0,8.4,1.4,0.0,28.0,8.0,16.0,4.0,0.0
FY26_P01_Utilization_2025-10.csv,CC-4010,Digital Solutions,Wren Beaumont,Billable Staff,L3 Senior Engineer,92.50,92.50,85.00,7.50,84.46,84.46,78.00,6.46,184.0,168.0,155.4,12.6,0.0,2.9,0.0,0.9,2.4,2.2,3.3,0.9,0.0,16.0,8.0,8.0,0.0,0.0
FY26_P01_Utilization_2025-10.csv,CC-4010,Digital Solutions,Xiomara Mbeki,Project Leadership,L4 Manager,49.24,49.24,60.00,-10.76,46.03,46.03,55.00,-8.97,184.0,172.0,84.7,87.3,0.0,5.2,38.4,8.1,27.2,0.0,7.0,1.4,0.0,12.0,8.0,4.0,0.0,0.0
FY26_P01_Utilization_2025-10.csv,CC-4010,Digital Solutions,Yusuf Adeyemi,Billable Staff,L2 Engineer,84.51,84.51,85.00,-0.49,75.33,75.33,78.00,-2.67,184.0,164.0,138.6,25.4,0.0,5.2,0.0,1.4,2.1,3.6,11.0,2.1,0.0,20.0,8.0,12.0,0.0,0.0
FY26_P01_Utilization_2025-10.csv,CC-4010,Digital Solutions,Zara Mensah,Project Leadership,L4 Manager,30.52,30.52,60.00,-29.48,28.53,28.53,55.00,-26.47,184.0,172.0,52.5,119.5,0.0,5.8,0.0,7.2,38.1,5.9,60.6,1.9,0.0,12.0,8.0,0.0,4.0,0.0
FY26_P02_Utilization_2025-11.csv,CC-1010,Structural Engineering,Amara Ashby,Billable Staff,L3 Senior Engineer,73.05,76.84,85.00,-8.16,69.65,73.00,78.00,-5.00,160.0,152.0,116.8,35.2,0.0,3.5,0.0,2.0,1.4,0.0,28.2,0.1,0.0,8.0,8.0,0.0,0.0,0.0
FY26_P02_Utilization_2025-11.csv,CC-1010,Structural Engineering,Bennett Salazar,Billable Staff,L3 Senior Engineer,95.59,96.76,85.00,11.76,84.48,82.25,78.00,4.25,160.0,136.0,131.6,4.4,0.0,1.4,0.0,0.7,1.0,0.3,0.7,0.3,0.0,24.0,8.0,16.0,0.0,0.0
FY26_P02_Utilization_2025-11.csv,CC-1010,Structural Engineering,Camille Thorne,Billable Staff,L3 Senior Engineer,88.19,87.71,85.00,2.71,77.94,78.94,78.00,0.94,160.0,144.0,126.3,17.7,0.0,2.4,0.0,1.3,3.1,3.9,5.8,1.2,0.0,16.0,8.0,8.0,0.0,0.0
FY26_P02_Utilization_2025-11.csv,CC-1010,Structural Engineering,Devon Sandoval,Billable Staff,L1 Analyst,82.28,80.35,80.00,0.35,75.58,72.31,73.50,-1.19,160.0,144.0,115.7,28.3,0.0,6.0,15.5,1.4,0.8,0.0,3.4,1.2,0.0,16.0,8.0,8.0,0.0,0.0
FY26_P02_Utilization_2025-11.csv,CC-1010,Structural Engineering,Elena Lindqvist,Billable Staff,L1 Analyst,75.72,77.91,80.00,-2.09,66.92,72.06,73.50,-1.44,160.0,148.0,115.3,32.7,0.0,7.3,19.1,0.5,0.6,0.6,3.7,0.9,0.0,12.0,8.0,4.0,0.0,0.0
FY26_P02_Utilization_2025-11.csv,CC-1010,Structural Engineering,Farid Beaumont,Billable Staff,L3 Senior Engineer,98.50,98.51,85.00,13.51,89.55,91.13,78.00,13.13,160.0,148.0,145.8,2.2,0.0,0.9,0.0,0.5,0.8,0.0,0.0,0.0,0.0,12.0,8.0,4.0,0.0,0.0
FY26_P02_Utilization_2025-11.csv,CC-1010,Structural Engineering,Grace Mbeki,Billable Staff,L1 Analyst,76.77,80.70,80.00,0.70,66.78,69.04,73.50,-4.46,166.0,142.0,114.6,27.4,6.0,4.4,6.6,0.8,0.6,5.1,8.5,1.4,0.0,24.0,8.0,8.0,8.0,0.0
FY26_P02_Utilization_2025-11.csv,CC-1010,Structural Engineering,Hassan Adeyemi,Billable Staff,L2 Engineer,67.28,61.10,85.00,-23.90,60.40,51.94,78.00,-26.06,160.0,136.0,83.1,52.9,0.0,6.7,39.3,2.2,2.0,0.0,2.5,0.2,0.0,24.0,8.0,16.0,0.0,0.0
FY26_P02_Utilization_2025-11.csv,CC-1010,Structural Engineering,Imani Mensah,Billable Staff,L3 Senior Engineer,79.27,82.01,85.00,-2.99,72.82,73.81,78.00,-4.19,160.0,144.0,118.1,25.9,0.0,3.7,10.1,2.0,5.0,0.0,3.2,1.9,0.0,16.0,8.0,8.0,0.0,0.0
FY26_P02_Utilization_2025-11.csv,CC-1010,Structural Engineering,Jonas Whitfield,Billable Staff,L1 Analyst,81.39,82.67,80.00,2.67,69.70,67.81,73.50,-5.69,178.0,146.0,120.7,25.3,18.0,6.0,6.9,0.7,0.8,0.6,8.5,1.8,0.0,32.0,8.0,24.0,0.0,0.0
FY26_P02_Utilization_2025-11.csv,CC-1010,Structural Engineering,Katya Rathore,Billable Staff,L1 Analyst,79.74,87.43,80.00,7.43,71.40,76.50,73.50,3.00,160.0,140.0,122.4,17.6,0.0,6.2,8.7,0.5,0.7,0.0,0.6,0.9,0.0,20.0,8.0,12.0,0.0,0.0
FY26_P02_Utilization_2025-11.csv,CC-1020,Mechanical Engineering,Liam Carrasco,Project Leadership,L4 Manager,63.15,68.33,60.00,8.33,58.21,61.50,55.00,6.50,160.0,144.0,98.4,45.6,0.0,4.3,0.7,4.8,29.4,4.0,1.7,0.7,0.0,16.0,8.0,8.0,0.0,0.0
FY26_P02_Utilization_2025-11.csv,CC-1020,Mechanical Engineering,Maren Yilmaz,Billable Staff,L3 Senior Engineer,92.34,92.36,85.00,7.36,85.90,85.44,78.00,7.44,160.0,148.0,136.7,11.3,0.0,2.0,0.0,1.1,1.4,2.7,3.3,0.8,0.0,12.0,8.0,4.0,0.0,0.0
FY26_P02_Utilization_2025-11.csv,CC-1020,Mechanical Engineering,Nikhil Petrova,Billable Staff,L2 Engineer,58.12,56.40,85.00,-28.60,52.03,47.94,78.00,-30.06,160.0,136.0,76.7,59.3,0.0,6.8,45.6,1.6,1.1,0.0,3.3,0.9,8.0,24.0,8.0,16.0,0.0,0.0
FY26_P02_Utilization_2025-11.csv,CC-1020,Mechanical Engineering,Odessa Duarte,Billable Staff,L2 Engineer,91.14,92.44,85.00,7.44,81.13,84.22,78.00,6.22,180.0,164.0,151.6,12.4,20.0,4.8,0.0,0.9,2.1,4.2,0.2,0.2,0.0,16.0,8.0,8.0,0.0,0.0
FY26_P02_Utilization_2025-11.csv,CC-1020,Mechanical Engineering,Priya Halvorsen,Billable Staff,L2 Engineer,85.19,84.44,85.00,-0.56,77.27,76.00,78.00,-2.00,160.0,144.0,121.6,22.4,0.0,6.6,5.2,1.7,1.2,0.0,5.8,1.9,0.0,16.0,8.0,8.0,0.0,0.0
FY26_P02_Utilization_2025-11.csv,CC-1020,Mechanical Engineering,Quentin Ferreira,Project Leadership,L5 Principal,66.62,65.69,55.00,10.69,59.65,59.12,50.50,8.62,160.0,144.0,94.6,49.4,0.0,6.7,4.9,13.9,17.4,0.0,5.4,1.1,0.0,16.0,8.0,8.0,0.0,0.0
FY26_P02_Utilization_2025-11.csv,CC-1020,Mechanical Engineering,Rosalind Moreau,Billable Staff,L1 Analyst,76.08,76.88,80.00,-3.12,70.17,69.89,73.50,-3.61,176.0,160.0,123.0,37.0,16.0,6.1,18.6,0.4,1.4,2.6,6.0,1.9,0.0,16.0,8.0,8.0,0.0,0.0
FY26_P02_Utilization_2025-11.csv,CC-1020,Mechanical Engineering,Soren Iverson,Billable Staff,L3 Senior Engineer,85.63,80.76,85.00,-4.24,78.66,72.69,78.00,-5.31,160.0,144.0,116.3,27.7,0.0,5.8,3.1,4.0,3.4,0.0,10.9,0.5,0.0,16.0,8.0,4.0,4.0,0.0
FY26_P02_Utilization_2025-11.csv,CC-1020,Mechanical Engineering,Tamsin Vasquez,Billable Staff,L1 Analyst,80.43,80.69,80.00,0.69,71.08,72.63,73.50,-0.87,160.0,144.0,116.2,27.8,0.0,4.3,10.5,0.7,0.7,0.0,10.0,1.6,8.0,16.0,8.0,0.0,8.0,0.0
FY26_P02_Utilization_2025-11.csv,CC-1020,Mechanical Engineering,Ulises Larkin,Project Leadership,L4 Manager,73.01,71.35,60.00,11.35,66.22,66.00,55.00,11.00,160.0,148.0,105.6,42.4,0.0,6.4,4.1,10.1,17.9,0.0,2.5,1.4,0.0,12.0,8.0,4.0,0.0,0.0
FY26_P02_Utilization_2025-11.csv,CC-1030,Electrical Engineering,Adaeze Haddad,Billable Staff,L3 Senior Engineer,84.74,87.91,85.00,2.91,75.87,81.31,78.00,3.31,160.0,148.0,130.1,17.9,0.0,5.5,2.2,4.1,5.6,0.0,0.0,0.5,0.0,12.0,8.0,4.0,0.0,0.0
FY26_P02_Utilization_2025-11.csv,CC-1030,Electrical Engineering,Bruno Kowalski,Project Leadership,L4 Manager,63.38,63.24,60.00,3.24,56.74,53.75,55.00,-1.25,160.0,136.0,86.0,50.0,0.0,4.9,5.9,6.2,23.7,3.8,3.9,1.6,0.0,24.0,8.0,12.0,4.0,0.0
FY26_P02_Utilization_2025-11.csv,CC-1030,Electrical Engineering,Clara Bergstrom,Project Leadership,L5 Principal,55.10,60.64,55.00,5.64,49.97,53.06,50.50,2.56,160.0,140.0,84.9,55.1,0.0,6.1,23.6,5.0,14.3,0.0,4.7,1.4,0.0,20.0,8.0,8.0,4.0,0.0
FY26_P02_Utilization_2025-11.csv,CC-1030,Electrical Engineering,Dmitri Delacroix,Billable Staff,L1 Analyst,72.41,72.50,80.00,-7.50,66.51,63.44,73.50,-10.06,160.0,140.0,101.5,38.5,0.0,5.8,23.6,0.9,0.3,0.0,7.0,0.9,0.0,20.0,8.0,12.0,0.0,0.0
FY26_P02_Utilization_2025-11.csv,CC-1030,Electrical Engineering,Vera Okafor,Billable Staff,L3 Senior Engineer,88.47,88.31,85.00,3.31,74.09,75.06,78.00,-2.94,160.0,136.0,120.1,15.9,0.0,3.4,0.0,3.5,3.2,0.0,4.9,0.9,0.0,24.0,16.0,4.0,4.0,0.0
FY26_P02_Utilization_2025-11.csv,CC-1030,Electrical Engineering,Wren Nakamura,Overhead,L2 Engineer,16.51,18.75,25.00,-6.25,14.97,16.88,23.00,-6.12,160.0,144.0,27.0,117.0,0.0,4.3,100.9,3.0,1.2,0.8,6.7,0.1,0.0,16.0,8.0,8.0,0.0,0.0
FY26_P02_Utilization_2025-11.csv,CC-1030,Electrical Engineering,Xiomara Fontaine,Overhead,L4 Manager,16.91,12.00,25.00,-13.00,15.22,10.50,23.00,-12.50,160.0,140.0,16.8,123.2,0.0,4.9,73.4,12.1,22.6,5.9,2.5,1.8,0.0,20.0,8.0,12.0,0.0,0.0
FY26_P02_Utilization_2025-11.csv,CC-1030,Electrical Engineering,Yusuf Novak,Billable Staff,L2 Engineer,69.84,73.01,85.00,-11.99,62.74,62.71,78.00,-15.29,170.0,146.0,106.6,39.4,10.0,3.7,18.5,0.6,1.7,5.3,9.4,0.2,0.0,24.0,8.0,8.0,8.0,0.0
FY26_P02_Utilization_2025-11.csv,CC-1030,Electrical Engineering,Zara Ashworth,Project Leadership,L5 Principal,64.08,62.57,55.00,7.57,56.63,53.19,50.50,2.69,160.0,136.0,85.1,50.9,0.0,4.9,16.1,13.9,9.9,0.0,4.9,1.2,0.0,24.0,8.0,12.0,4.0,0.0
FY26_P02_Utilization_2025-11.csv,CC-2010,Project Management,Amara Petrova,Billable Staff,L2 Engineer,89.02,87.75,85.00,2.75,80.22,78.00,78.00,0.00,180.0,160.0,140.4,19.6,20.0,6.7,0.3,0.8,1.2,0.0,9.3,1.3,0.0,20.0,8.0,12.0,0.0,0.0
FY26_P02_Utilization_2025-11.csv,CC-2010,Project Management,Bennett Duarte,Billable Staff,L3 Senior Engineer,94.45,92.88,85.00,7.88,86.06,82.33,78.00,4.33,176.0,156.0,144.9,11.1,16.0,3.8,0.0,1.1,3.2,0.0,1.6,1.4,0.0,20.0,8.0,4.0,8.0,0.0
FY26_P02_Utilization_2025-11.csv,CC-2010,Project Management,Camille Halvorsen,Project Leadership,L5 Principal,35.96,34.02,55.00,-20.98,31.47,28.01,50.50,-22.49,136.0,112.0,38.1,73.9,0.0,5.5,45.1,7.2,11.1,3.6,0.0,1.4,4.0,24.0,8.0,12.0,4.0,24.0
FY26_P02_Utilization_2025-11.csv,CC-2010,Project Management,Devon Ferreira,Billable Staff,L3 Senior Engineer,83.27,84.31,85.00,-0.69,75.52,75.88,78.00,-2.12,160.0,144.0,121.4,22.6,0.0,6.3,3.8,1.8,4.0,2.7,3.5,0.5,0.0,16.0,16.0,0.0,0.0,0.0
FY26_P02_Utilization_2025-11.csv,CC-2010,Project Management,Elena Moreau,Project Leadership,L4 Manager,60.95,60.51,60.00,0.51,52.44,51.44,55.00,-3.56,160.0,136.0,82.3,53.7,0.0,5.8,9.2,3.9,30.5,0.0,3.6,0.7,0.0,24.0,8.0,16.0,0.0,0.0
FY26_P02_Utilization_2025-11.csv,CC-2010,Project Management,Farid Iverson,Billable Staff,L2 Engineer,64.34,68.88,85.00,-16.12,59.10,65.44,78.00,-12.56,160.0,152.0,104.7,47.3,0.0,4.0,7.0,1.9,1.2,0.0,31.2,2.0,0.0,8.0,8.0,0.0,0.0,0.0
FY26_P02_Utilization_2025-11.csv,CC-2010,Project Management,Grace Vasquez,Billable Staff,L2 Engineer,89.50,89.52,85.00,4.52,80.50,76.88,78.00,-1.12,170.0,146.0,130.7,15.3,10.0,5.1,7.2,1.2,0.8,0.0,0.0,1.0,0.0,24.0,8.0,8.0,8.0,0.0
FY26_P02_Utilization_2025-11.csv,CC-2010,Project Management,Hassan Larkin,Billable Staff,L2 Engineer,66.46,65.82,85.00,-19.18,61.14,57.89,78.00,-20.11,166.0,146.0,96.1,49.9,6.0,5.5,35.9,1.2,1.4,2.1,3.2,0.6,0.0,20.0,8.0,4.0,8.0,0.0
FY26_P02_Utilization_2025-11.csv,CC-2010,Project Management,Imani Okafor,Billable Staff,L1 Analyst,54.07,55.86,80.00,-24.14,50.93,53.06,73.50,-20.44,160.0,152.0,84.9,67.1,0.0,5.9,9.1,0.5,0.6,5.0,44.3,1.7,0.0,8.0,8.0,0.0,0.0,0.0
FY26_P02_Utilization_2025-11.csv,CC-2010,Project Management,Jonas Nakamura,Project Leadership,L4 Manager,63.28,63.75,60.00,3.75,56.66,57.38,55.00,2.38,160.0,144.0,91.8,52.2,0.0,3.8,3.8,8.9,26.1,5.8,2.7,1.1,0.0,16.0,8.0,8.0,0.0,0.0
FY26_P02_Utilization_2025-11.csv,CC-3010,Field Services,Katya Fontaine,Billable Staff,L2 Engineer,82.97,74.25,85.00,-10.75,74.81,66.91,78.00,-11.09,162.0,146.0,108.4,37.6,2.0,5.6,22.1,2.1,1.6,0.0,5.7,0.5,0.0,16.0,8.0,8.0,0.0,0.0
FY26_P02_Utilization_2025-11.csv,CC-3010,Field Services,Liam Novak,Billable Staff,L3 Senior Engineer,67.53,74.10,85.00,-10.90,61.25,66.69,78.00,-11.31,160.0,144.0,106.7,37.3,0.0,3.8,0.0,2.2,2.4,2.6,25.0,1.3,6.0,16.0,8.0,4.0,4.0,0.0
FY26_P02_Utilization_2025-11.csv,CC-3010,Field Services,Maren Ashworth,Billable Staff,L3 Senior Engineer,95.68,97.01,85.00,12.01,83.72,87.31,78.00,9.31,160.0,144.0,139.7,4.3,0.0,1.0,0.0,0.5,1.1,0.0,1.3,0.4,0.0,16.0,8.0,8.0,0.0,0.0
FY26_P02_Utilization_2025-11.csv,CC-3010,Field Services,Nikhil Haddad,Billable Staff,L3 Senior Engineer,85.06,87.15,85.00,2.15,76.16,78.44,78.00,0.44,160.0,144.0,125.5,18.5,0.0,4.9,0.0,2.7,4.3,1.7,4.1,0.8,0.0,16.0,8.0,8.0,0.0,0.0
FY26_P02_Utilization_2025-11.csv,CC-3010,Field Services,Odessa Kowalski,Project Leadership,L4 Manager,73.10,76.04,60.00,16.04,64.01,63.66,55.00,8.66,172.0,144.0,109.5,34.5,12.0,3.8,0.0,4.3,18.1,3.1,3.7,1.5,14.0,28.0,8.0,12.0,8.0,0.0
FY26_P02_Utilization_2025-11.csv,CC-3010,Field Services,Priya Bergstrom,Billable Staff,L2 Engineer,98.47,98.48,85.00,13.48,87.16,83.89,78.00,5.89,162.0,138.0,135.9,2.1,2.0,0.9,0.0,0.3,0.3,0.0,0.5,0.1,0.0,24.0,8.0,8.0,8.0,0.0
FY26_P02_Utilization_2025-11.csv,CC-3010,Field Services,Quentin Delacroix,Billable Staff,L3 Senior Engineer,63.98,68.22,85.00,-16.78,60.26,64.81,78.00,-13.19,160.0,152.0,103.7,48.3,0.0,3.3,0.0,2.6,2.3,2.6,36.3,1.2,6.0,8.0,8.0,0.0,0.0,0.0
FY26_P02_Utilization_2025-11.csv,CC-3010,Field Services,Rosalind Ashby,Project Leadership,L4 Manager,65.23,66.02,60.00,6.02,60.37,60.52,55.00,5.52,192.0,176.0,116.2,59.8,32.0,4.8,0.0,7.5,38.9,3.1,3.9,1.6,0.0,16.0,8.0,8.0,0.0,0.0
FY26_P02_Utilization_2025-11.csv,CC-3010,Field Services,Soren Salazar,Project Leadership,L4 Manager,66.58,65.07,60.00,5.07,58.84,60.19,55.00,5.19,160.0,148.0,96.3,51.7,0.0,6.4,0.0,11.4,21.7,6.4,3.9,1.9,0.0,12.0,8.0,4.0,0.0,0.0
FY26_P02_Utilization_2025-11.csv,CC-3010,Field Services,Tamsin Thorne,Project Leadership,L4 Manager,54.14,53.36,60.00,-6.64,49.27,47.15,55.00,-7.85,172.0,152.0,81.1,70.9,12.0,6.7,29.5,9.7,14.8,0.0,7.9,2.3,0.0,20.0,16.0,4.0,0.0,0.0
FY26_P02_Utilization_2025-11.csv,CC-4010,Digital Solutions,Adaeze Whitfield,Billable Staff,L3 Senior Engineer,57.81,61.01,85.00,-23.99,53.78,56.44,78.00,-21.56,160.0,148.0,90.3,57.7,0.0,6.3,0.0,3.2,2.4,0.0,45.0,0.8,0.0,12.0,8.0,4.0,0.0,0.0
FY26_P02_Utilization_2025-11.csv,CC-4010,Digital Solutions,Bruno Rathore,Project Leadership,L4 Manager,61.59,61.84,60.00,1.84,53.43,52.56,55.00,-2.44,160.0,136.0,84.1,51.9,0.0,3.4,1.0,8.1,24.9,4.3,8.2,2.0,0.0,24.0,8.0,12.0,4.0,0.0
FY26_P02_Utilization_2025-11.csv,CC-4010,Digital Solutions,Clara Carrasco,Project Leadership,L4 Manager,52.45,45.90,60.00,-14.10,47.06,41.31,55.00,-13.69,160.0,144.0,66.1,77.9,0.0,4.4,28.8,7.2,31.2,1.0,3.7,1.6,0.0,16.0,8.0,8.0,0.0,0.0
FY26_P02_Utilization_2025-11.csv,CC-4010,Digital Solutions,Dmitri Yilmaz,Billable Staff,L3 Senior Engineer,84.10,84.46,85.00,-0.54,73.34,78.13,78.00,0.13,160.0,148.0,125.0,23.0,0.0,3.1,0.0,2.7,5.2,5.0,5.9,1.1,0.0,12.0,8.0,4.0,0.0,0.0
FY26_P02_Utilization_2025-11.csv,CC-4010,Digital Solutions,Ulises Sandoval,Project Leadership,L4 Manager,31.14,34.82,60.00,-25.18,29.42,32.47,55.00,-22.53,178.0,166.0,57.8,108.2,18.0,7.3,11.5,8.9,37.3,0.0,42.7,0.5,0.0,12.0,8.0,4.0,0.0,0.0
FY26_P02_Utilization_2025-11.csv,CC-4010,Digital Solutions,Vera Lindqvist,Billable Staff,L2 Engineer,88.53,89.14,85.00,4.14,73.41,71.81,78.00,-6.19,144.0,116.0,103.4,12.6,0.0,3.1,0.0,0.6,1.3,0.0,6.5,1.1,0.0,28.0,8.0,12.0,8.0,16.0
FY26_P02_Utilization_2025-11.csv,CC-4010,Digital Solutions,Wren Beaumont,Billable Staff,L3 Senior Engineer,87.59,82.44,85.00,-2.56,80.70,76.69,78.00,-1.31,172.0,160.0,131.9,28.1,12.0,5.3,10.2,2.8,6.3,0.0,1.5,2.0,4.0,12.0,8.0,4.0,0.0,0.0
FY26_P02_Utilization_2025-11.csv,CC-4010,Digital Solutions,Xiomara Mbeki,Project Leadership,L4 Manager,51.17,53.60,60.00,-6.40,45.29,44.45,55.00,-10.55,164.0,136.0,72.9,63.1,20.0,4.9,17.0,7.4,23.6,0.0,9.3,0.9,14.0,28.0,16.0,4.0,8.0,16.0
FY26_P02_Utilization_2025-11.csv,CC-4010,Digital Solutions,Yusuf Adeyemi,Billable Staff,L2 Engineer,86.26,88.02,85.00,3.02,78.55,81.95,78.00,3.95,174.0,162.0,142.6,19.4,14.0,6.6,3.3,1.2,1.8,0.0,6.1,0.4,0.0,12.0,8.0,4.0,0.0,0.0
FY26_P02_Utilization_2025-11.csv,CC-4010,Digital Solutions,Zara Mensah,Project Leadership,L4 Manager,34.60,39.21,60.00,-20.79,32.59,37.25,55.00,-17.75,160.0,152.0,59.6,92.4,0.0,6.2,0.0,6.2,24.9,0.0,53.3,1.8,0.0,8.0,8.0,0.0,0.0,0.0
FY26_P03_Utilization_2025-12.csv,CC-1010,Structural Engineering,Amara Ashby,Billable Staff,L3 Senior Engineer,76.71,87.07,85.00,2.07,67.05,61.59,78.00,-16.41,164.0,116.0,101.0,15.0,0.0,4.2,0.0,2.9,3.8,2.3,0.4,1.4,0.0,48.0,24.0,24.0,0.0,20.0
FY26_P03_Utilization_2025-12.csv,CC-1010,Structural Engineering,Bennett Salazar,Billable Staff,L3 Senior Engineer,94.73,92.86,85.00,7.86,79.66,70.65,78.00,-7.35,184.0,140.0,130.0,10.0,0.0,3.0,0.0,1.0,2.5,0.0,2.8,0.7,4.0,44.0,24.0,20.0,0.0,0.0
FY26_P03_Utilization_2025-12.csv,CC-1010,Structural Engineering,Camille Thorne,Billable Staff,L3 Senior Engineer,85.19,77.58,85.00,-7.42,68.41,50.60,78.00,-27.40,184.0,120.0,93.1,26.9,0.0,4.0,12.8,2.8,3.6,3.1,0.5,0.1,0.0,64.0,24.0,40.0,0.0,0.0
FY26_P03_Utilization_2025-12.csv,CC-1010,Structural Engineering,Devon Sandoval,Billable Staff,L1 Analyst,78.87,72.13,80.00,-7.87,68.01,55.48,73.50,-18.02,208.0,160.0,115.4,44.6,24.0,4.5,29.3,1.0,0.8,6.4,2.2,0.4,0.0,48.0,24.0,24.0,0.0,0.0
FY26_P03_Utilization_2025-12.csv,CC-1010,Structural Engineering,Elena Lindqvist,Billable Staff,L1 Analyst,74.33,71.14,80.00,-8.86,60.02,47.91,73.50,-25.59,196.0,132.0,93.9,38.1,12.0,5.6,24.5,0.7,1.0,0.0,4.7,1.6,0.0,64.0,24.0,40.0,0.0,0.0
FY26_P03_Utilization_2025-12.csv,CC-1010,Structural Engineering,Farid Beaumont,Billable Staff,L3 Senior Engineer,97.60,95.63,85.00,10.63,80.93,66.52,78.00,-11.48,184.0,128.0,122.4,5.6,0.0,1.4,0.0,0.5,1.2,1.4,0.8,0.3,0.0,56.0,24.0,24.0,8.0,0.0
FY26_P03_Utilization_2025-12.csv,CC-1010,Structural Engineering,Grace Mbeki,Billable Staff,L1 Analyst,75.50,72.04,80.00,-7.96,58.14,42.28,73.50,-31.22,184.0,108.0,77.8,30.2,0.0,5.0,15.9,0.5,0.5,0.0,7.7,0.6,0.0,76.0,32.0,44.0,0.0,0.0
FY26_P03_Utilization_2025-12.csv,CC-1010,Structural Engineering,Hassan Adeyemi,Billable Staff,L2 Engineer,64.15,55.92,85.00,-29.08,52.18,36.47,78.00,-41.53,184.0,120.0,67.1,52.9,0.0,3.7,41.8,0.8,1.1,2.7,2.7,0.1,0.0,64.0,24.0,36.0,4.0,0.0
FY26_P03_Utilization_2025-12.csv,CC-1010,Structural Engineering,Imani Mensah,Billable Staff,L3 Senior Engineer,77.84,75.00,85.00,-10.00,70.17,65.22,78.00,-12.78,184.0,160.0,120.0,40.0,0.0,5.5,27.5,2.7,3.1,0.7,0.0,0.5,0.0,24.0,24.0,0.0,0.0,0.0
FY26_P03_Utilization_2025-12.csv,CC-1010,Structural Engineering,Jonas Whitfield,Billable Staff,L1 Analyst,75.77,64.88,80.00,-15.12,65.22,56.41,73.50,-17.09,184.0,160.0,103.8,56.2,0.0,4.1,49.0,1.3,0.8,0.5,0.2,0.3,0.0,24.0,24.0,0.0,0.0,0.0
FY26_P03_Utilization_2025-12.csv,CC-1010,Structural Engineering,Katya Rathore,Billable Staff,L1 Analyst,80.09,80.88,80.00,0.88,67.35,59.78,73.50,-13.72,184.0,136.0,110.0,26.0,0.0,6.7,15.0,0.8,0.8,2.0,0.4,0.3,0.0,48.0,24.0,24.0,0.0,0.0
FY26_P03_Utilization_2025-12.csv,CC-1020,Mechanical Engineering,Liam Carrasco,Project Leadership,L4 Manager,62.94,62.33,60.00,2.33,51.79,39.29,55.00,-15.71,184.0,116.0,72.3,43.7,0.0,5.2,4.9,6.0,18.3,0.0,8.8,0.5,0.0,68.0,24.0,44.0,0.0,0.0
FY26_P03_Utilization_2025-12.csv,CC-1020,Mechanical Engineering,Maren Yilmaz,Billable Staff,L3 Senior Engineer,90.88,87.43,85.00,2.43,82.22,74.31,78.00,-3.69,160.0,136.0,118.9,17.1,0.0,5.7,0.3,4.1,3.5,0.0,2.3,1.2,0.0,24.0,24.0,0.0,0.0,24.0
FY26_P03_Utilization_2025-12.csv,CC-1020,Mechanical Engineering,Nikhil Petrova,Billable Staff,L2 Engineer,56.19,51.84,85.00,-33.16,47.25,38.32,78.00,-39.68,184.0,136.0,70.5,65.5,0.0,4.5,53.9,1.6,1.4,0.0,2.8,1.3,0.0,48.0,24.0,20.0,4.0,0.0
FY26_P03_Utilization_2025-12.csv,CC-1020,Mechanical Engineering,Odessa Duarte,Billable Staff,L2 Engineer,90.02,87.27,85.00,2.27,74.91,62.61,78.00,-15.39,184.0,132.0,115.2,16.8,0.0,3.6,7.4,2.1,1.2,0.0,1.5,1.0,0.0,52.0,24.0,28.0,0.0,0.0
FY26_P03_Utilization_2025-12.csv,CC-1020,Mechanical Engineering,Priya Halvorsen,Billable Staff,L2 Engineer,83.09,79.00,85.00,-6.00,74.28,68.70,78.00,-9.30,184.0,160.0,126.4,33.6,0.0,4.2,19.9,1.8,1.0,5.5,0.0,1.2,0.0,24.0,24.0,0.0,0.0,0.0
FY26_P03_Utilization_2025-12.csv,CC-1020,Mechanical Engineering,Quentin Ferreira,Project Leadership,L5 Principal,62.25,52.64,55.00,-2.36,52.82,40.05,50.50,-10.45,184.0,140.0,73.7,66.3,0.0,6.7,17.0,17.9,13.6,2.5,7.7,0.9,0.0,44.0,24.0,20.0,0.0,0.0
FY26_P03_Utilization_2025-12.csv,CC-1020,Mechanical Engineering,Rosalind Moreau,Billable Staff,L1 Analyst,76.98,79.24,80.00,-0.76,65.66,56.85,73.50,-16.65,184.0,132.0,104.6,27.4,0.0,4.1,16.9,0.5,0.6,1.2,3.9,0.2,0.0,52.0,24.0,20.0,8.0,0.0
FY26_P03_Utilization_2025-12.csv,CC-1020,Mechanical Engineering,Soren Iverson,Billable Staff,L3 Senior Engineer,82.52,74.05,85.00,-10.95,67.52,46.68,78.00,-31.32,184.0,116.0,85.9,30.1,0.0,3.0,14.7,2.9,2.5,0.0,5.6,1.4,0.0,68.0,24.0,44.0,0.0,0.0
FY26_P03_Utilization_2025-12.csv,CC-1020,Mechanical Engineering,Tamsin Vasquez,Billable Staff,L1 Analyst,73.71,56.12,80.00,-23.88,58.64,35.38,73.50,-38.12,184.0,116.0,65.1,50.9,0.0,4.3,40.3,1.1,0.2,0.0,3.5,1.5,0.0,68.0,32.0,36.0,0.0,0.0
FY26_P03_Utilization_2025-12.csv,CC-1020,Mechanical Engineering,Ulises Larkin,Project Leadership,L4 Manager,69.23,60.79,60.00,0.79,59.26,46.25,55.00,-8.75,184.0,140.0,85.1,54.9,0.0,4.5,24.4,8.6,15.7,0.0,0.0,1.7,0.0,44.0,24.0,20.0,0.0,0.0
FY26_P03_Utilization_2025-12.csv,CC-1030,Electrical Engineering,Adaeze Haddad,Billable Staff,L3 Senior Engineer,84.77,84.85,85.00,-0.15,71.29,62.72,78.00,-15.28,184.0,136.0,115.4,20.6,0.0,4.1,3.8,2.8,3.4,0.0,4.5,2.0,2.0,48.0,24.0,24.0,0.0,0.0
FY26_P03_Utilization_2025-12.csv,CC-1030,Electrical Engineering,Bruno Kowalski,Project Leadership,L4 Manager,58.45,47.92,60.00,-12.08,50.04,37.50,55.00,-17.50,184.0,144.0,69.0,75.0,0.0,7.2,29.3,6.2,26.4,0.0,4.8,1.1,0.0,40.0,24.0,16.0,0.0,0.0
FY26_P03_Utilization_2025-12.csv,CC-1030,Electrical Engineering,Clara Bergstrom,Project Leadership,L5 Principal,56.33,58.75,55.00,3.75,50.36,51.09,50.50,0.59,184.0,160.0,94.0,66.0,0.0,4.9,0.0,26.7,25.7,6.2,2.5,0.0,0.0,24.0,24.0,0.0,0.0,0.0
FY26_P03_Utilization_2025-12.csv,CC-1030,Electrical Engineering,Dmitri Delacroix,Billable Staff,L1 Analyst,70.09,63.33,80.00,-16.67,56.29,37.17,73.50,-36.33,184.0,108.0,68.4,39.6,0.0,3.1,23.6,0.4,0.6,1.9,9.9,0.1,6.0,76.0,32.0,36.0,8.0,0.0
FY26_P03_Utilization_2025-12.csv,CC-1030,Electrical Engineering,Vera Okafor,Billable Staff,L3 Senior Engineer,87.64,86.15,85.00,1.15,72.34,69.29,78.00,-8.71,184.0,148.0,127.5,20.5,0.0,6.4,2.1,3.0,3.4,5.3,0.0,0.3,0.0,36.0,24.0,12.0,0.0,0.0
FY26_P03_Utilization_2025-12.csv,CC-1030,Electrical Engineering,Wren Nakamura,Overhead,L2 Engineer,16.52,16.54,25.00,-8.46,14.64,14.02,23.00,-8.98,184.0,156.0,25.8,130.2,0.0,5.8,110.4,1.5,1.4,0.4,9.5,1.2,0.0,28.0,24.0,4.0,0.0,0.0
FY26_P03_Utilization_2025-12.csv,CC-1030,Electrical Engineering,Xiomara Fontaine,Overhead,L4 Manager,15.56,11.92,25.00,-13.08,12.70,7.77,23.00,-15.23,184.0,120.0,14.3,105.7,0.0,5.8,65.5,4.3,21.4,0.9,7.3,0.5,0.0,64.0,24.0,40.0,0.0,0.0
FY26_P03_Utilization_2025-12.csv,CC-1030,Electrical Engineering,Yusuf Novak,Billable Staff,L2 Engineer,68.96,66.91,85.00,-18.09,58.20,49.46,78.00,-28.54,184.0,136.0,91.0,45.0,0.0,4.3,27.6,1.7,0.9,0.0,9.5,1.0,0.0,48.0,24.0,24.0,0.0,0.0
FY26_P03_Utilization_2025-12.csv,CC-1030,Electrical Engineering,Zara Ashworth,Project Leadership,L5 Principal,59.75,50.63,55.00,-4.37,49.94,37.97,50.50,-12.53,192.0,144.0,72.9,71.1,8.0,5.7,31.9,6.1,20.8,6.4,0.0,0.2,0.0,48.0,24.0,24.0,0.0,0.0
FY26_P03_Utilization_2025-12.csv,CC-2010,Project Management,Amara Petrova,Billable Staff,L2 Engineer,87.92,85.08,85.00,0.08,73.16,59.18,78.00,-18.82,184.0,128.0,108.9,19.1,0.0,6.1,5.6,1.7,1.4,0.0,3.5,0.8,0.0,56.0,24.0,28.0,4.0,0.0
FY26_P03_Utilization_2025-12.csv,CC-2010,Project Management,Bennett Duarte,Billable Staff,L3 Senior Engineer,91.07,83.14,85.00,-1.86,78.35,63.26,78.00,-14.74,184.0,140.0,116.4,23.6,0.0,6.1,1.9,3.0,6.7,4.2,0.0,1.7,0.0,44.0,24.0,20.0,0.0,0.0
FY26_P03_Utilization_2025-12.csv,CC-2010,Project Management,Camille Halvorsen,Project Leadership,L5 Principal,32.67,25.24,55.00,-29.76,26.19,17.01,50.50,-33.49,184.0,124.0,31.3,92.7,0.0,4.2,58.4,13.7,15.5,0.0,0.3,0.6,0.0,60.0,24.0,32.0,4.0,0.0
FY26_P03_Utilization_2025-12.csv,CC-2010,Project Management,Devon Ferreira,Billable Staff,L3 Senior Engineer,81.76,77.83,85.00,-7.17,66.89,50.76,78.00,-27.24,184.0,120.0,93.4,26.6,0.0,5.3,1.7,4.8,4.2,3.3,6.3,1.0,0.0,64.0,24.0,36.0,4.0,0.0
FY26_P03_Utilization_2025-12.csv,CC-2010,Project Management,Elena Moreau,Project Leadership,L4 Manager,59.12,53.94,60.00,-6.06,44.79,30.49,55.00,-24.51,184.0,104.0,56.1,47.9,0.0,2.8,13.1,7.1,19.0,0.0,5.3,0.6,0.0,80.0,24.0,56.0,0.0,0.0
FY26_P03_Utilization_2025-12.csv,CC-2010,Project Management,Farid Iverson,Billable Staff,L2 Engineer,66.93,72.18,85.00,-12.82,59.83,61.20,78.00,-16.80,184.0,156.0,112.6,43.4,0.0,4.8,0.0,0.5,1.7,0.0,35.9,0.5,0.0,28.0,24.0,4.0,0.0,0.0
FY26_P03_Utilization_2025-12.csv,CC-2010,Project Management,Grace Vasquez,Billable Staff,L2 Engineer,88.36,85.40,85.00,0.40,71.14,54.03,78.00,-23.97,196.0,124.0,105.9,18.1,12.0,4.7,2.2,1.2,1.4,3.5,4.5,0.6,4.0,72.0,24.0,48.0,0.0,0.0
FY26_P03_Utilization_2025-12.csv,CC-2010,Project Management,Hassan Larkin,Billable Staff,L2 Engineer,66.10,65.23,85.00,-19.77,56.20,46.79,78.00,-31.21,184.0,132.0,86.1,45.9,0.0,3.8,26.2,0.9,1.4,2.7,9.7,1.2,0.0,52.0,24.0,28.0,0.0,0.0
FY26_P03_Utilization_2025-12.csv,CC-2010,Project Management,Imani Okafor,Billable Staff,L1 Analyst,55.12,57.25,80.00,-22.75,50.53,49.78,73.50,-23.72,184.0,160.0,91.6,68.4,0.0,5.2,23.3,0.9,0.5,0.0,38.3,0.2,0.0,24.0,24.0,0.0,0.0,0.0
FY26_P03_Utilization_2025-12.csv,CC-2010,Project Management,Jonas Nakamura,Project Leadership,L4 Manager,60.22,53.85,60.00,-6.15,51.62,42.39,55.00,-12.61,188.0,148.0,79.7,68.3,4.0,6.8,15.3,8.0,30.3,0.0,7.6,0.3,0.0,40.0,24.0,16.0,0.0,0.0
FY26_P03_Utilization_2025-12.csv,CC-3010,Field Services,Katya Fontaine,Billable Staff,L2 Engineer,78.58,68.93,85.00,-16.07,65.94,50.19,78.00,-27.81,206.0,150.0,103.4,46.6,22.0,6.8,27.3,1.6,1.6,0.0,7.6,1.7,0.0,56.0,24.0,24.0,8.0,0.0
FY26_P03_Utilization_2025-12.csv,CC-3010,Field Services,Liam Novak,Billable Staff,L3 Senior Engineer,66.92,65.66,85.00,-19.34,58.81,54.24,78.00,-23.76,184.0,152.0,99.8,52.2,0.0,5.5,0.0,2.4,3.1,2.5,38.5,0.2,0.0,32.0,24.0,8.0,0.0,0.0
FY26_P03_Utilization_2025-12.csv,CC-3010,Field Services,Maren Ashworth,Billable Staff,L3 Senior Engineer,94.40,91.57,85.00,6.57,78.90,69.67,78.00,-8.33,184.0,140.0,128.2,11.8,0.0,3.6,0.0,0.6,1.5,2.1,3.4,0.6,0.0,44.0,24.0,12.0,8.0,0.0
FY26_P03_Utilization_2025-12.csv,CC-3010,Field Services,Nikhil Haddad,Billable Staff,L3 Senior Engineer,80.14,67.29,85.00,-17.71,64.42,42.69,78.00,-35.31,186.0,118.0,79.4,38.6,2.0,5.9,18.7,2.8,3.9,0.0,6.8,0.5,8.0,68.0,24.0,44.0,0.0,0.0
FY26_P03_Utilization_2025-12.csv,CC-3010,Field Services,Odessa Kowalski,Project Leadership,L4 Manager,71.30,67.21,60.00,7.21,59.11,49.67,55.00,-5.33,184.0,136.0,91.4,44.6,0.0,5.0,0.0,7.5,27.4,0.0,4.1,0.6,0.0,48.0,24.0,24.0,0.0,0.0
FY26_P03_Utilization_2025-12.csv,CC-3010,Field Services,Priya Bergstrom,Billable Staff,L2 Engineer,96.96,93.97,85.00,8.97,84.57,79.67,78.00,1.67,184.0,156.0,146.6,9.4,0.0,2.6,0.0,0.5,0.5,1.6,3.9,0.3,0.0,28.0,24.0,0.0,4.0,0.0
FY26_P03_Utilization_2025-12.csv,CC-3010,Field Services,Quentin Delacroix,Billable Staff,L3 Senior Engineer,67.33,74.29,85.00,-10.71,61.21,62.99,78.00,-15.01,184.0,156.0,115.9,40.1,0.0,2.0,0.0,1.1,2.2,0.0,34.3,0.5,0.0,28.0,24.0,4.0,0.0,0.0
FY26_P03_Utilization_2025-12.csv,CC-3010,Field Services,Rosalind Ashby,Project Leadership,L4 Manager,64.21,61.74,60.00,1.74,56.01,47.29,55.00,-7.71,188.0,144.0,88.9,55.1,4.0,6.4,21.6,6.4,12.6,0.3,7.2,0.6,0.0,44.0,24.0,20.0,0.0,0.0
FY26_P03_Utilization_2025-12.csv,CC-3010,Field Services,Soren Salazar,Project Leadership,L4 Manager,63.24,56.30,60.00,-3.70,52.90,42.37,55.00,-12.63,194.0,146.0,82.2,63.8,10.0,6.8,20.6,8.2,21.3,1.9,3.7,1.3,0.0,48.0,24.0,24.0,0.0,0.0
FY26_P03_Utilization_2025-12.csv,CC-3010,Field Services,Tamsin Thorne,Project Leadership,L4 Manager,51.89,45.83,60.00,-14.17,42.67,29.89,55.00,-25.11,184.0,120.0,55.0,65.0,0.0,3.9,36.9,5.3,13.3,0.0,3.9,1.7,10.0,64.0,24.0,40.0,0.0,0.0
FY26_P03_Utilization_2025-12.csv,CC-4010,Digital Solutions,Adaeze Whitfield,Billable Staff,L3 Senior Engineer,61.34,68.59,85.00,-16.41,55.30,58.15,78.00,-19.85,184.0,156.0,107.0,49.0,0.0,5.6,0.0,4.0,3.7,0.0,35.7,0.0,0.0,28.0,24.0,4.0,0.0,0.0
FY26_P03_Utilization_2025-12.csv,CC-4010,Digital Solutions,Bruno Rathore,Project Leadership,L4 Manager,59.76,55.76,60.00,-4.24,50.13,43.64,55.00,-11.36,184.0,144.0,80.3,63.7,0.0,6.3,22.2,3.4,20.6,5.1,4.8,1.3,12.0,40.0,24.0,16.0,0.0,0.0
FY26_P03_Utilization_2025-12.csv,CC-4010,Digital Solutions,Clara Carrasco,Project Leadership,L4 Manager,49.50,43.06,60.00,-16.94,42.45,33.70,55.00,-21.30,184.0,144.0,62.0,82.0,0.0,5.4,33.2,7.6,30.1,0.0,5.6,0.1,0.0,40.0,24.0,16.0,0.0,0.0
FY26_P03_Utilization_2025-12.csv,CC-4010,Digital Solutions,Dmitri Yilmaz,Billable Staff,L3 Senior Engineer,83.24,81.29,85.00,-3.71,68.11,58.32,78.00,-19.68,184.0,132.0,107.3,24.7,0.0,4.7,11.5,4.5,2.0,0.0,1.4,0.6,0.0,52.0,24.0,28.0,0.0,0.0
FY26_P03_Utilization_2025-12.csv,CC-4010,Digital Solutions,Ulises Sandoval,Project Leadership,L4 Manager,36.40,51.90,60.00,-8.10,31.45,35.83,55.00,-19.17,168.0,116.0,60.2,55.8,0.0,3.7,12.3,3.1,28.3,1.3,7.0,0.1,10.0,52.0,24.0,28.0,0.0,16.0
FY26_P03_Utilization_2025-12.csv,CC-4010,Digital Solutions,Vera Lindqvist,Billable Staff,L2 Engineer,87.12,84.44,85.00,-0.56,70.78,66.09,78.00,-11.91,184.0,144.0,121.6,22.4,0.0,6.8,6.9,1.7,1.4,0.0,5.4,0.2,6.0,40.0,24.0,16.0,0.0,0.0
FY26_P03_Utilization_2025-12.csv,CC-4010,Digital Solutions,Wren Beaumont,Billable Staff,L3 Senior Engineer,77.72,51.61,85.00,-33.39,65.06,34.78,78.00,-43.22,184.0,124.0,64.0,60.0,0.0,3.7,42.4,2.3,3.9,0.0,6.1,1.6,8.0,60.0,32.0,28.0,0.0,0.0
FY26_P03_Utilization_2025-12.csv,CC-4010,Digital Solutions,Xiomara Mbeki,Project Leadership,L4 Manager,51.21,51.33,60.00,-8.67,41.20,33.48,55.00,-21.52,184.0,120.0,61.6,58.4,0.0,5.6,20.1,6.6,18.6,0.8,5.2,1.5,14.0,64.0,32.0,32.0,0.0,0.0
FY26_P03_Utilization_2025-12.csv,CC-4010,Digital Solutions,Yusuf Adeyemi,Billable Staff,L2 Engineer,84.26,78.83,85.00,-6.17,69.34,51.41,78.00,-26.59,184.0,120.0,94.6,25.4,0.0,6.0,15.4,1.7,1.0,0.9,0.0,0.4,0.0,64.0,24.0,40.0,0.0,0.0
FY26_P03_Utilization_2025-12.csv,CC-4010,Digital Solutions,Zara Mensah,Project Leadership,L4 Manager,31.99,26.11,60.00,-33.89,28.35,20.43,55.00,-34.57,184.0,144.0,37.6,106.4,0.0,4.7,58.1,6.5,33.0,0.0,3.6,0.5,0.0,40.0,24.0,16.0,0.0,0.0
FY26_P04_Utilization_2026-01.csv,CC-1010,Structural Engineering,Amara Ashby,Billable Staff,L3 Senior Engineer,80.46,91.69,85.00,6.69,69.63,77.10,78.00,-0.90,176.0,148.0,135.7,12.3,0.0,2.5,0.0,2.0,2.3,1.3,3.6,0.6,0.0,28.0,8.0,12.0,8.0,0.0
FY26_P04_Utilization_2026-01.csv,CC-1010,Structural Engineering,Bennett Salazar,Billable Staff,L3 Senior Engineer,93.84,91.45,85.00,6.45,80.62,83.41,78.00,5.41,182.0,166.0,151.8,14.2,6.0,2.5,0.0,2.0,3.0,2.1,3.9,0.7,0.0,16.0,8.0,4.0,4.0,0.0
FY26_P04_Utilization_2026-01.csv,CC-1010,Structural Engineering,Camille Thorne,Billable Staff,L3 Senior Engineer,83.82,80.19,85.00,-4.81,69.53,72.90,78.00,-5.10,176.0,160.0,128.3,31.7,0.0,4.6,5.4,4.9,6.4,0.0,8.2,2.2,0.0,16.0,8.0,8.0,0.0,0.0
FY26_P04_Utilization_2026-01.csv,CC-1010,Structural Engineering,Devon Sandoval,Billable Staff,L1 Analyst,78.01,75.38,80.00,-4.62,67.72,66.82,73.50,-6.68,176.0,156.0,117.6,38.4,0.0,4.1,23.2,0.3,0.9,1.0,6.7,2.2,0.0,20.0,8.0,12.0,0.0,0.0
FY26_P04_Utilization_2026-01.csv,CC-1010,Structural Engineering,Elena Lindqvist,Billable Staff,L1 Analyst,71.05,61.86,80.00,-18.14,58.74,54.83,73.50,-18.67,176.0,156.0,96.5,59.5,0.0,7.7,42.5,0.9,1.1,0.0,5.6,1.7,0.0,20.0,8.0,12.0,0.0,0.0
FY26_P04_Utilization_2026-01.csv,CC-1010,Structural Engineering,Farid Beaumont,Billable Staff,L3 Senior Engineer,96.88,95.00,85.00,10.00,81.80,84.20,78.00,6.20,176.0,156.0,148.2,7.8,0.0,3.2,0.0,0.7,2.0,0.0,1.5,0.4,0.0,20.0,8.0,12.0,0.0,0.0
FY26_P04_Utilization_2026-01.csv,CC-1010,Structural Engineering,Grace Mbeki,Billable Staff,L1 Analyst,74.65,72.56,80.00,-7.44,60.53,67.61,73.50,-5.89,176.0,164.0,119.0,45.0,0.0,4.5,36.1,0.5,0.9,0.0,1.8,1.2,8.0,12.0,8.0,4.0,0.0,0.0
FY26_P04_Utilization_2026-01.csv,CC-1010,Structural Engineering,Hassan Adeyemi,Billable Staff,L2 Engineer,61.54,54.44,85.00,-30.56,51.52,49.49,78.00,-28.51,176.0,160.0,87.1,72.9,0.0,7.3,53.6,1.8,1.7,5.4,3.0,0.1,4.0,16.0,8.0,4.0,4.0,0.0
FY26_P04_Utilization_2026-01.csv,CC-1010,Structural Engineering,Imani Mensah,Billable Staff,L3 Senior Engineer,78.50,80.59,85.00,-4.41,70.03,69.60,78.00,-8.40,176.0,152.0,122.5,29.5,0.0,6.9,14.6,2.7,4.3,0.0,0.2,0.8,0.0,24.0,8.0,12.0,4.0,0.0
FY26_P04_Utilization_2026-01.csv,CC-1010,Structural Engineering,Jonas Whitfield,Billable Staff,L1 Analyst,73.09,64.59,80.00,-15.41,62.56,54.32,73.50,-19.18,176.0,148.0,95.6,52.4,0.0,7.0,37.3,0.9,0.6,0.0,5.2,1.4,0.0,28.0,16.0,12.0,0.0,0.0
FY26_P04_Utilization_2026-01.csv,CC-1010,Structural Engineering,Katya Rathore,Billable Staff,L1 Analyst,80.38,81.19,80.00,1.19,68.96,73.81,73.50,0.31,176.0,160.0,129.9,30.1,0.0,5.3,18.9,0.6,0.7,0.0,3.9,0.7,0.0,16.0,8.0,8.0,0.0,0.0
FY26_P04_Utilization_2026-01.csv,CC-1020,Mechanical Engineering,Liam Carrasco,Project Leadership,L4 Manager,61.41,57.05,60.00,-2.95,51.49,50.57,55.00,-4.43,176.0,156.0,89.0,67.0,0.0,7.1,16.3,8.0,28.6,0.0,6.6,0.4,0.0,20.0,8.0,12.0,0.0,0.0
FY26_P04_Utilization_2026-01.csv,CC-1020,Mechanical Engineering,Maren Yilmaz,Billable Staff,L3 Senior Engineer,89.27,84.32,85.00,-0.68,79.29,70.91,78.00,-7.09,176.0,148.0,124.8,23.2,0.0,4.5,3.0,3.4,3.6,4.7,2.7,1.3,0.0,28.0,8.0,12.0,8.0,0.0
FY26_P04_Utilization_2026-01.csv,CC-1020,Mechanical Engineering,Nikhil Petrova,Billable Staff,L2 Engineer,56.54,57.50,85.00,-27.50,48.51,52.27,78.00,-25.73,176.0,160.0,92.0,68.0,0.0,7.0,50.8,2.1,1.8,0.0,5.4,0.9,2.0,16.0,8.0,8.0,0.0,0.0
FY26_P04_Utilization_2026-01.csv,CC-1020,Mechanical Engineering,Odessa Duarte,Billable Staff,L2 Engineer,89.55,88.19,85.00,3.19,76.19,80.17,78.00,2.17,176.0,160.0,141.1,18.9,0.0,6.9,2.2,2.0,1.2,0.0,6.1,0.5,0.0,16.0,8.0,8.0,0.0,0.0
FY26_P04_Utilization_2026-01.csv,CC-1020,Mechanical Engineering,Priya Halvorsen,Billable Staff,L2 Engineer,81.13,74.34,85.00,-10.66,70.07,57.44,78.00,-20.56,176.0,136.0,101.1,34.9,0.0,5.5,23.9,0.8,1.3,0.0,1.6,1.8,0.0,40.0,16.0,16.0,8.0,0.0
FY26_P04_Utilization_2026-01.csv,CC-1020,Mechanical Engineering,Quentin Ferreira,Project Leadership,L5 Principal,61.07,57.75,55.00,2.75,52.74,52.50,50.50,2.00,176.0,160.0,92.4,67.6,0.0,5.3,17.1,19.0,20.6,0.0,4.3,1.3,0.0,16.0,8.0,8.0,0.0,0.0
FY26_P04_Utilization_2026-01.csv,CC-1020,Mechanical Engineering,Rosalind Moreau,Billable Staff,L1 Analyst,77.24,78.00,80.00,-2.00,66.94,70.91,73.50,-2.59,176.0,160.0,124.8,35.2,0.0,6.5,21.7,0.7,0.9,0.0,4.6,0.8,0.0,16.0,8.0,8.0,0.0,0.0
FY26_P04_Utilization_2026-01.csv,CC-1020,Mechanical Engineering,Soren Iverson,Billable Staff,L3 Senior Engineer,82.70,83.21,85.00,-1.79,69.08,73.75,78.00,-4.25,176.0,156.0,129.8,26.2,0.0,6.4,9.5,3.2,4.5,0.0,0.5,2.1,0.0,20.0,8.0,12.0,0.0,0.0
FY26_P04_Utilization_2026-01.csv,CC-1020,Mechanical Engineering,Tamsin Vasquez,Billable Staff,L1 Analyst,69.73,59.51,80.00,-20.49,57.84,55.45,73.50,-18.05,176.0,164.0,97.6,66.4,0.0,7.5,53.9,1.0,0.7,0.0,1.6,1.7,0.0,12.0,8.0,4.0,0.0,0.0
FY26_P04_Utilization_2026-01.csv,CC-1020,Mechanical Engineering,Ulises Larkin,Project Leadership,L4 Manager,67.22,61.56,60.00,1.56,58.44,55.97,55.00,0.97,176.0,160.0,98.5,61.5,0.0,5.2,25.2,1.6,22.9,0.0,6.2,0.4,6.0,16.0,8.0,8.0,0.0,0.0
FY26_P04_Utilization_2026-01.csv,CC-1030,Electrical Engineering,Adaeze Haddad,Billable Staff,L3 Senior Engineer,81.30,71.41,85.00,-13.59,68.90,61.89,78.00,-16.11,180.0,156.0,111.4,44.6,4.0,4.3,27.8,3.8,4.4,0.0,3.9,0.4,0.0,24.0,8.0,8.0,8.0,0.0
FY26_P04_Utilization_2026-01.csv,CC-1030,Electrical Engineering,Bruno Kowalski,Project Leadership,L4 Manager,56.69,51.60,60.00,-8.40,48.96,45.74,55.00,-9.26,176.0,156.0,80.5,75.5,0.0,4.3,28.3,6.4,27.6,0.0,8.2,0.7,0.0,20.0,8.0,12.0,0.0,0.0
FY26_P04_Utilization_2026-01.csv,CC-1030,Electrical Engineering,Clara Bergstrom,Project Leadership,L5 Principal,56.85,58.40,55.00,3.40,50.71,51.76,50.50,1.26,176.0,156.0,91.1,64.9,0.0,4.4,28.0,12.0,15.7,0.0,4.5,0.3,8.0,20.0,8.0,12.0,0.0,0.0
FY26_P04_Utilization_2026-01.csv,CC-1030,Electrical Engineering,Dmitri Delacroix,Billable Staff,L1 Analyst,69.04,66.37,80.00,-13.63,58.05,63.35,73.50,-10.15,176.0,168.0,111.5,56.5,0.0,7.3,34.0,1.1,0.6,7.6,5.0,0.9,0.0,8.0,8.0,0.0,0.0,0.0
FY26_P04_Utilization_2026-01.csv,CC-1030,Electrical Engineering,Vera Okafor,Billable Staff,L3 Senior Engineer,85.07,78.38,85.00,-6.62,72.06,71.25,78.00,-6.75,176.0,160.0,125.4,34.6,0.0,7.1,8.2,2.9,6.4,4.8,3.6,1.6,0.0,16.0,8.0,8.0,0.0,0.0
FY26_P04_Utilization_2026-01.csv,CC-1030,Electrical Engineering,Wren Nakamura,Overhead,L2 Engineer,18.61,25.07,25.00,0.07,16.68,23.23,23.00,0.23,164.0,152.0,38.1,113.9,0.0,6.1,90.5,3.4,1.6,7.4,2.9,2.0,0.0,12.0,8.0,4.0,0.0,12.0
FY26_P04_Utilization_2026-01.csv,CC-1030,Electrical Engineering,Xiomara Fontaine,Overhead,L4 Manager,14.59,11.99,25.00,-13.01,12.19,10.70,23.00,-12.30,186.0,166.0,19.9,146.1,10.0,7.5,87.6,19.6,19.6,7.4,4.4,0.0,0.0,20.0,8.0,12.0,0.0,0.0
FY26_P04_Utilization_2026-01.csv,CC-1030,Electrical Engineering,Yusuf Novak,Billable Staff,L2 Engineer,69.42,70.67,85.00,-14.33,60.08,65.85,78.00,-12.15,176.0,164.0,115.9,48.1,0.0,6.3,33.0,2.0,1.8,0.0,3.7,1.3,0.0,12.0,8.0,0.0,4.0,0.0
FY26_P04_Utilization_2026-01.csv,CC-1030,Electrical Engineering,Zara Ashworth,Project Leadership,L5 Principal,55.24,43.62,55.00,-11.38,47.86,41.70,50.50,-8.80,182.0,174.0,75.9,98.1,6.0,8.0,55.1,10.6,18.2,4.9,0.3,1.0,0.0,8.0,8.0,0.0,0.0,0.0
FY26_P04_Utilization_2026-01.csv,CC-2010,Project Management,Amara Petrova,Billable Staff,L2 Engineer,86.20,81.05,85.00,-3.95,72.39,70.00,78.00,-8.00,176.0,152.0,123.2,28.8,0.0,4.8,14.2,1.4,1.8,2.2,2.2,2.2,0.0,24.0,8.0,16.0,0.0,0.0
FY26_P04_Utilization_2026-01.csv,CC-2010,Project Management,Bennett Duarte,Billable Staff,L3 Senior Engineer,88.20,79.81,85.00,-5.19,76.93,72.56,78.00,-5.44,176.0,160.0,127.7,32.3,0.0,4.4,14.3,5.1,4.9,0.2,1.4,2.0,0.0,16.0,8.0,4.0,4.0,0.0
FY26_P04_Utilization_2026-01.csv,CC-2010,Project Management,Camille Halvorsen,Project Leadership,L5 Principal,31.64,29.09,55.00,-25.91,26.43,27.10,50.50,-23.40,176.0,164.0,47.7,116.3,0.0,6.6,57.0,21.9,20.1,3.8,4.9,2.0,0.0,12.0,8.0,4.0,0.0,0.0
FY26_P04_Utilization_2026-01.csv,CC-2010,Project Management,Devon Ferreira,Billable Staff,L3 Senior Engineer,80.14,75.41,85.00,-9.59,66.02,63.41,78.00,-14.59,176.0,148.0,111.6,36.4,0.0,5.6,18.1,1.9,2.9,0.0,6.7,1.2,0.0,28.0,8.0,20.0,0.0,0.0
FY26_P04_Utilization_2026-01.csv,CC-2010,Project Management,Elena Moreau,Project Leadership,L4 Manager,57.07,51.79,60.00,-8.21,45.07,45.91,55.00,-9.09,176.0,156.0,80.8,75.2,0.0,4.4,41.9,5.9,21.6,0.0,0.0,1.4,0.0,20.0,16.0,4.0,0.0,0.0
FY26_P04_Utilization_2026-01.csv,CC-2010,Project Management,Farid Iverson,Billable Staff,L2 Engineer,70.25,80.06,85.00,-4.94,63.07,72.78,78.00,-5.22,176.0,160.0,128.1,31.9,0.0,7.4,15.6,2.2,1.4,2.1,1.4,1.8,0.0,16.0,8.0,8.0,0.0,0.0
FY26_P04_Utilization_2026-01.csv,CC-2010,Project Management,Grace Vasquez,Billable Staff,L2 Engineer,87.75,86.10,85.00,1.10,73.33,80.23,78.00,2.23,176.0,164.0,141.2,22.8,0.0,6.4,7.6,2.5,2.1,0.0,3.9,0.3,0.0,12.0,8.0,4.0,0.0,0.0
FY26_P04_Utilization_2026-01.csv,CC-2010,Project Management,Hassan Larkin,Billable Staff,L2 Engineer,65.99,65.71,85.00,-19.29,56.88,58.79,78.00,-19.21,190.0,170.0,111.7,58.3,14.0,6.6,40.4,1.1,2.4,0.1,6.5,1.2,0.0,20.0,8.0,12.0,0.0,0.0
FY26_P04_Utilization_2026-01.csv,CC-2010,Project Management,Imani Okafor,Billable Staff,L1 Analyst,58.56,68.72,80.00,-11.28,53.91,64.03,73.50,-9.47,176.0,164.0,112.7,51.3,0.0,5.3,40.1,0.7,1.2,0.0,3.5,0.5,0.0,12.0,8.0,4.0,0.0,0.0
FY26_P04_Utilization_2026-01.csv,CC-2010,Project Management,Jonas Nakamura,Project Leadership,L4 Manager,57.87,51.19,60.00,-8.81,50.35,46.53,55.00,-8.47,176.0,160.0,81.9,78.1,0.0,6.1,29.1,10.1,30.7,0.4,0.8,0.9,0.0,16.0,8.0,8.0,0.0,0.0
FY26_P04_Utilization_2026-01.csv,CC-3010,Field Services,Katya Fontaine,Billable Staff,L2 Engineer,76.40,70.00,85.00,-15.00,65.78,65.23,78.00,-12.77,176.0,164.0,114.8,49.2,0.0,7.1,31.7,1.5,1.5,0.0,5.3,2.1,2.0,12.0,8.0,4.0,0.0,0.0
FY26_P04_Utilization_2026-01.csv,CC-3010,Field Services,Liam Novak,Billable Staff,L3 Senior Engineer,71.07,82.80,85.00,-2.20,63.04,75.44,78.00,-2.56,180.0,164.0,135.8,28.2,4.0,6.0,12.3,2.6,5.7,0.0,0.0,1.6,4.0,16.0,8.0,8.0,0.0,0.0
FY26_P04_Utilization_2026-01.csv,CC-3010,Field Services,Maren Ashworth,Billable Staff,L3 Senior Engineer,91.34,82.56,85.00,-2.44,77.49,73.18,78.00,-4.82,176.0,156.0,128.8,27.2,0.0,6.2,8.9,5.4,5.4,0.0,1.2,0.1,2.0,20.0,8.0,12.0,0.0,0.0
FY26_P04_Utilization_2026-01.csv,CC-3010,Field Services,Nikhil Haddad,Billable Staff,L3 Senior Engineer,75.88,63.95,85.00,-21.05,62.12,55.23,78.00,-22.77,176.0,152.0,97.2,54.8,0.0,6.3,38.8,2.6,4.8,0.0,1.5,0.8,0.0,24.0,8.0,8.0,8.0,0.0
FY26_P04_Utilization_2026-01.csv,CC-3010,Field Services,Odessa Kowalski,Project Leadership,L4 Manager,69.39,64.21,60.00,4.21,59.29,59.83,55.00,4.83,176.0,164.0,105.3,58.7,0.0,5.6,15.3,10.7,26.0,0.0,0.7,0.4,2.0,12.0,8.0,4.0,0.0,0.0
FY26_P04_Utilization_2026-01.csv,CC-3010,Field Services,Priya Bergstrom,Billable Staff,L2 Engineer,94.01,85.44,85.00,0.44,82.85,77.67,78.00,-0.33,176.0,160.0,136.7,23.3,0.0,6.5,8.7,1.9,2.1,1.1,1.2,1.8,0.0,16.0,8.0,8.0,0.0,0.0
FY26_P04_Utilization_2026-01.csv,CC-3010,Field Services,Quentin Delacroix,Billable Staff,L3 Senior Engineer,72.96,88.30,85.00,3.30,66.10,79.29,78.00,1.29,196.0,176.0,155.4,20.6,20.0,5.1,0.0,3.1,4.0,3.9,4.0,0.5,0.0,20.0,8.0,12.0,0.0,0.0
FY26_P04_Utilization_2026-01.csv,CC-3010,Field Services,Rosalind Ashby,Project Leadership,L4 Manager,62.92,59.17,60.00,-0.83,56.12,56.48,55.00,1.48,176.0,168.0,99.4,68.6,0.0,5.4,5.0,12.1,34.7,2.2,9.0,0.2,12.0,8.0,8.0,0.0,0.0,0.0
FY26_P04_Utilization_2026-01.csv,CC-3010,Field Services,Soren Salazar,Project Leadership,L4 Manager,61.81,57.72,60.00,-2.28,52.49,51.24,55.00,-3.76,178.0,158.0,91.2,66.8,2.0,4.9,7.9,10.4,28.7,3.3,9.5,2.1,0.0,20.0,8.0,12.0,0.0,0.0
FY26_P04_Utilization_2026-01.csv,CC-3010,Field Services,Tamsin Thorne,Project Leadership,L4 Manager,50.35,45.86,60.00,-14.14,41.91,39.60,55.00,-15.40,176.0,152.0,69.7,82.3,0.0,6.1,40.1,3.0,23.3,6.5,1.1,2.2,0.0,24.0,8.0,12.0,4.0,0.0
FY26_P04_Utilization_2026-01.csv,CC-4010,Digital Solutions,Adaeze Whitfield,Billable Staff,L3 Senior Engineer,66.36,81.67,85.00,-3.33,59.57,72.39,78.00,-5.61,176.0,156.0,127.4,28.6,0.0,7.3,8.0,2.7,6.5,0.0,2.7,1.4,0.0,20.0,8.0,8.0,4.0,0.0
FY26_P04_Utilization_2026-01.csv,CC-4010,Digital Solutions,Bruno Rathore,Project Leadership,L4 Manager,60.28,61.75,60.00,1.75,51.59,56.14,55.00,1.14,176.0,160.0,98.8,61.2,0.0,5.2,6.5,6.4,34.8,0.0,6.1,2.2,8.0,16.0,8.0,4.0,4.0,0.0
FY26_P04_Utilization_2026-01.csv,CC-4010,Digital Solutions,Clara Carrasco,Project Leadership,L4 Manager,47.30,41.00,60.00,-19.00,41.17,37.27,55.00,-17.73,176.0,160.0,65.6,94.4,0.0,6.3,37.7,7.6,29.5,3.0,8.4,1.9,8.0,16.0,8.0,8.0,0.0,0.0
FY26_P04_Utilization_2026-01.csv,CC-4010,Digital Solutions,Dmitri Yilmaz,Billable Staff,L3 Senior Engineer,83.02,82.41,85.00,-2.59,68.99,71.54,78.00,-6.46,182.0,158.0,130.2,27.8,6.0,7.8,8.8,4.8,4.4,0.0,0.0,2.0,0.0,24.0,8.0,16.0,0.0,0.0
FY26_P04_Utilization_2026-01.csv,CC-4010,Digital Solutions,Ulises Sandoval,Project Leadership,L4 Manager,40.06,50.30,60.00,-9.70,34.90,44.84,55.00,-10.16,184.0,164.0,82.5,81.5,8.0,6.5,35.8,12.2,22.4,0.0,2.9,1.7,4.0,20.0,8.0,12.0,0.0,0.0
FY26_P04_Utilization_2026-01.csv,CC-4010,Digital Solutions,Vera Lindqvist,Billable Staff,L2 Engineer,84.20,76.41,85.00,-8.59,70.00,67.73,78.00,-10.27,176.0,156.0,119.2,36.8,0.0,5.7,23.2,2.3,1.9,0.0,1.8,1.9,0.0,20.0,8.0,12.0,0.0,0.0
FY26_P04_Utilization_2026-01.csv,CC-4010,Digital Solutions,Wren Beaumont,Billable Staff,L3 Senior Engineer,74.65,65.53,85.00,-19.47,62.97,56.59,78.00,-21.41,176.0,152.0,99.6,52.4,0.0,5.6,34.4,3.8,4.3,0.0,3.2,1.1,0.0,24.0,8.0,16.0,0.0,0.0
FY26_P04_Utilization_2026-01.csv,CC-4010,Digital Solutions,Xiomara Mbeki,Project Leadership,L4 Manager,52.29,55.26,60.00,-4.74,43.14,48.98,55.00,-6.02,176.0,156.0,86.2,69.8,0.0,4.7,21.0,7.2,36.2,0.0,0.3,0.4,0.0,20.0,8.0,12.0,0.0,0.0
FY26_P04_Utilization_2026-01.csv,CC-4010,Digital Solutions,Yusuf Adeyemi,Billable Staff,L2 Engineer,82.25,77.16,85.00,-7.84,69.32,69.29,78.00,-8.71,196.0,176.0,135.8,40.2,20.0,5.6,24.4,2.4,2.3,0.0,3.2,2.3,0.0,20.0,8.0,12.0,0.0,0.0
FY26_P04_Utilization_2026-01.csv,CC-4010,Digital Solutions,Zara Mensah,Project Leadership,L4 Manager,31.21,28.94,60.00,-31.06,27.84,26.31,55.00,-28.69,176.0,160.0,46.3,113.7,0.0,7.5,65.0,8.6,24.6,0.0,7.6,0.4,2.0,16.0,8.0,8.0,0.0,0.0
FY26_P05_Utilization_2026-02.csv,CC-1010,Structural Engineering,Amara Ashby,Billable Staff,L3 Senior Engineer,82.57,90.38,85.00,5.38,72.20,82.16,78.00,4.16,176.0,160.0,144.6,15.4,16.0,4.0,6.8,3.0,1.4,0.0,0.0,0.2,0.0,16.0,8.0,8.0,0.0,0.0
FY26_P05_Utilization_2026-02.csv,CC-1010,Structural Engineering,Bennett Salazar,Billable Staff,L3 Senior Engineer,93.17,90.35,85.00,5.35,80.75,81.31,78.00,3.31,160.0,144.0,130.1,13.9,0.0,5.2,0.0,1.3,3.5,0.0,2.9,1.0,0.0,16.0,8.0,8.0,0.0,0.0
FY26_P05_Utilization_2026-02.csv,CC-1010,Structural Engineering,Camille Thorne,Billable Staff,L3 Senior Engineer,86.33,96.22,85.00,11.22,73.14,89.00,78.00,11.00,160.0,148.0,142.4,5.6,0.0,1.6,0.0,0.7,1.0,0.0,2.0,0.3,0.0,12.0,8.0,0.0,4.0,0.0
FY26_P05_Utilization_2026-02.csv,CC-1010,Structural Engineering,Devon Sandoval,Billable Staff,L1 Analyst,77.76,76.69,80.00,-3.31,68.30,70.94,73.50,-2.56,160.0,148.0,113.5,34.5,0.0,5.4,20.5,0.9,0.8,2.0,4.1,0.8,6.0,12.0,8.0,4.0,0.0,0.0
FY26_P05_Utilization_2026-02.csv,CC-1010,Structural Engineering,Elena Lindqvist,Billable Staff,L1 Analyst,70.00,65.00,80.00,-15.00,58.01,54.46,73.50,-19.04,148.0,124.0,80.6,43.4,0.0,3.7,30.6,0.5,0.6,0.0,6.2,1.8,0.0,24.0,8.0,8.0,8.0,12.0
FY26_P05_Utilization_2026-02.csv,CC-1010,Structural Engineering,Farid Beaumont,Billable Staff,L3 Senior Engineer,95.60,90.29,85.00,5.29,82.41,85.28,78.00,7.28,144.0,136.0,122.8,13.2,0.0,2.9,0.0,1.2,2.4,3.8,2.8,0.1,0.0,8.0,8.0,0.0,0.0,16.0
FY26_P05_Utilization_2026-02.csv,CC-1010,Structural Engineering,Grace Mbeki,Billable Staff,L1 Analyst,74.12,71.91,80.00,-8.09,60.64,61.12,73.50,-12.38,160.0,136.0,97.8,38.2,0.0,5.0,25.7,0.9,0.7,0.0,5.5,0.4,0.0,24.0,8.0,12.0,4.0,0.0
FY26_P05_Utilization_2026-02.csv,CC-1010,Structural Engineering,Hassan Adeyemi,Billable Staff,L2 Engineer,60.95,58.62,85.00,-26.38,52.28,55.69,78.00,-22.31,160.0,152.0,89.1,62.9,0.0,7.2,47.8,0.7,1.2,0.0,5.9,0.1,4.0,8.0,8.0,0.0,0.0,0.0
FY26_P05_Utilization_2026-02.csv,CC-1010,Structural Engineering,Imani Mensah,Billable Staff,L3 Senior Engineer,79.86,85.61,85.00,0.61,71.72,79.19,78.00,1.19,160.0,148.0,126.7,21.3,0.0,6.0,0.0,3.7,5.3,3.8,1.9,0.6,0.0,12.0,8.0,4.0,0.0,0.0
FY26_P05_Utilization_2026-02.csv,CC-1010,Structural Engineering,Jonas Whitfield,Billable Staff,L1 Analyst,71.52,64.57,80.00,-15.43,61.46,56.50,73.50,-17.00,160.0,140.0,90.4,49.6,0.0,6.6,32.7,0.8,0.9,0.0,7.0,1.6,0.0,20.0,8.0,8.0,4.0,0.0
FY26_P05_Utilization_2026-02.csv,CC-1010,Structural Engineering,Katya Rathore,Billable Staff,L1 Analyst,80.72,82.50,80.00,2.50,69.52,72.50,73.50,-1.00,132.0,116.0,95.7,20.3,0.0,5.2,12.0,0.7,0.5,0.0,0.2,1.7,0.0,16.0,8.0,8.0,0.0,28.0
FY26_P05_Utilization_2026-02.csv,CC-1020,Mechanical Engineering,Liam Carrasco,Project Leadership,L4 Manager,60.24,55.47,60.00,-4.53,51.46,51.31,55.00,-3.69,160.0,148.0,82.1,65.9,0.0,3.7,15.4,8.8,27.0,6.3,4.2,0.5,0.0,12.0,8.0,4.0,0.0,0.0
FY26_P05_Utilization_2026-02.csv,CC-1020,Mechanical Engineering,Maren Yilmaz,Billable Staff,L3 Senior Engineer,88.28,84.26,85.00,-0.74,79.04,77.94,78.00,-0.06,160.0,148.0,124.7,23.3,0.0,4.7,4.1,2.6,6.2,0.0,5.2,0.5,0.0,12.0,8.0,0.0,4.0,0.0
FY26_P05_Utilization_2026-02.csv,CC-1020,Mechanical Engineering,Nikhil Petrova,Billable Staff,L2 Engineer,57.14,59.54,85.00,-25.46,50.00,56.56,78.00,-21.44,160.0,152.0,90.5,61.5,0.0,5.4,49.0,0.9,0.9,2.9,1.2,1.2,0.0,8.0,8.0,0.0,0.0,0.0
FY26_P05_Utilization_2026-02.csv,CC-1020,Mechanical Engineering,Odessa Duarte,Billable Staff,L2 Engineer,90.00,91.94,85.00,6.94,77.38,82.75,78.00,4.75,160.0,144.0,132.4,11.6,0.0,4.3,0.0,1.0,0.8,0.6,4.4,0.5,0.0,16.0,8.0,8.0,0.0,0.0
FY26_P05_Utilization_2026-02.csv,CC-1020,Mechanical Engineering,Priya Halvorsen,Billable Staff,L2 Engineer,80.88,79.79,85.00,-5.21,70.39,71.81,78.00,-6.19,160.0,144.0,114.9,29.1,0.0,4.1,16.1,1.1,1.6,1.0,4.4,0.8,0.0,16.0,8.0,8.0,0.0,0.0
FY26_P05_Utilization_2026-02.csv,CC-1020,Mechanical Engineering,Quentin Ferreira,Project Leadership,L5 Principal,60.69,59.12,55.00,4.12,53.10,54.69,50.50,4.19,160.0,148.0,87.5,60.5,0.0,6.4,12.4,13.1,16.9,6.8,4.7,0.2,8.0,12.0,8.0,4.0,0.0,0.0
FY26_P05_Utilization_2026-02.csv,CC-1020,Mechanical Engineering,Rosalind Moreau,Billable Staff,L1 Analyst,78.14,82.14,80.00,2.14,67.84,71.88,73.50,-1.62,160.0,140.0,115.0,25.0,0.0,3.9,7.4,1.0,0.9,0.0,9.7,2.1,14.0,20.0,8.0,8.0,4.0,0.0
FY26_P05_Utilization_2026-02.csv,CC-1020,Mechanical Engineering,Soren Iverson,Billable Staff,L3 Senior Engineer,82.89,83.68,85.00,-1.32,69.46,71.13,78.00,-6.87,160.0,136.0,113.8,22.2,0.0,4.5,1.3,2.1,5.5,6.6,0.4,1.8,0.0,24.0,8.0,12.0,4.0,0.0
FY26_P05_Utilization_2026-02.csv,CC-1020,Mechanical Engineering,Tamsin Vasquez,Billable Staff,L1 Analyst,68.37,63.16,80.00,-16.84,58.24,60.00,73.50,-13.50,160.0,152.0,96.0,56.0,0.0,7.6,29.4,0.7,0.9,6.3,9.9,1.2,0.0,8.0,8.0,0.0,0.0,0.0
FY26_P05_Utilization_2026-02.csv,CC-1020,Mechanical Engineering,Ulises Larkin,Project Leadership,L4 Manager,67.12,66.69,60.00,6.69,59.04,61.69,55.00,6.69,160.0,148.0,98.7,49.3,0.0,5.5,0.0,8.5,30.0,3.8,0.0,1.5,0.0,12.0,8.0,4.0,0.0,0.0
FY26_P05_Utilization_2026-02.csv,CC-1030,Electrical Engineering,Adaeze Haddad,Billable Staff,L3 Senior Engineer,79.85,73.82,85.00,-11.18,68.44,66.44,78.00,-11.56,160.0,144.0,106.3,37.7,0.0,5.4,17.8,4.5,4.4,0.0,5.2,0.4,0.0,16.0,8.0,8.0,0.0,0.0
FY26_P05_Utilization_2026-02.csv,CC-1030,Electrical Engineering,Bruno Kowalski,Project Leadership,L4 Manager,56.63,56.36,60.00,-3.64,49.03,49.31,55.00,-5.69,160.0,140.0,78.9,61.1,0.0,5.5,17.5,8.8,24.7,1.8,2.6,0.2,12.0,20.0,8.0,4.0,8.0,0.0
FY26_P05_Utilization_2026-02.csv,CC-1030,Electrical Engineering,Clara Bergstrom,Project Leadership,L5 Principal,56.90,57.14,55.00,2.14,50.58,50.00,50.50,-0.50,160.0,140.0,80.0,60.0,0.0,5.8,23.8,9.8,16.4,0.0,4.0,0.2,0.0,20.0,8.0,8.0,4.0,0.0
FY26_P05_Utilization_2026-02.csv,CC-1030,Electrical Engineering,Dmitri Delacroix,Billable Staff,L1 Analyst,70.07,74.08,80.00,-5.92,60.34,70.38,73.50,-3.12,160.0,152.0,112.6,39.4,0.0,4.2,25.8,1.4,0.7,0.0,5.6,1.7,0.0,8.0,8.0,0.0,0.0,0.0
FY26_P05_Utilization_2026-02.csv,CC-1030,Electrical Engineering,Vera Okafor,Billable Staff,L3 Senior Engineer,86.38,91.79,85.00,6.79,73.63,80.31,78.00,2.31,160.0,140.0,128.5,11.5,0.0,2.8,0.0,2.2,2.5,0.0,3.0,1.0,6.0,20.0,8.0,12.0,0.0,0.0
FY26_P05_Utilization_2026-02.csv,CC-1030,Electrical Engineering,Wren Nakamura,Overhead,L2 Engineer,18.85,19.86,25.00,-5.14,16.90,17.88,23.00,-5.12,160.0,144.0,28.6,115.4,0.0,5.7,100.3,4.2,1.2,0.0,3.5,0.5,0.0,16.0,8.0,8.0,0.0,0.0
FY26_P05_Utilization_2026-02.csv,CC-1030,Electrical Engineering,Xiomara Fontaine,Overhead,L4 Manager,14.62,14.78,25.00,-10.22,12.26,12.56,23.00,-10.44,160.0,136.0,20.1,115.9,0.0,6.6,64.1,15.1,19.8,0.0,8.8,1.5,0.0,24.0,8.0,12.0,4.0,0.0
FY26_P05_Utilization_2026-02.csv,CC-1030,Electrical Engineering,Yusuf Novak,Billable Staff,L2 Engineer,68.79,66.11,85.00,-18.89,59.98,59.50,78.00,-18.50,160.0,144.0,95.2,48.8,0.0,5.2,31.6,1.4,1.4,2.5,5.4,1.3,0.0,16.0,8.0,8.0,0.0,0.0
FY26_P05_Utilization_2026-02.csv,CC-1030,Electrical Engineering,Zara Ashworth,Project Leadership,L5 Principal,53.91,48.00,55.00,-7.00,46.79,42.00,50.50,-8.50,160.0,140.0,67.2,72.8,0.0,4.9,28.3,15.4,19.2,0.0,4.0,1.0,0.0,20.0,8.0,4.0,8.0,0.0
FY26_P05_Utilization_2026-02.csv,CC-2010,Project Management,Amara Petrova,Billable Staff,L2 Engineer,85.98,85.00,85.00,0.00,72.36,72.25,78.00,-5.75,160.0,136.0,115.6,20.4,0.0,5.1,2.6,1.5,1.7,0.0,8.8,0.7,6.0,24.0,8.0,12.0,4.0,0.0
FY26_P05_Utilization_2026-02.csv,CC-2010,Project Management,Bennett Duarte,Billable Staff,L3 Senior Engineer,87.54,84.80,85.00,-0.20,77.24,78.60,78.00,0.60,164.0,152.0,128.9,23.1,4.0,7.2,3.1,2.7,3.8,0.0,4.8,1.5,0.0,12.0,8.0,4.0,0.0,0.0
FY26_P05_Utilization_2026-02.csv,CC-2010,Project Management,Camille Halvorsen,Project Leadership,L5 Principal,30.20,24.51,55.00,-30.49,25.60,22.06,50.50,-28.44,160.0,144.0,35.3,108.7,0.0,7.1,63.0,15.6,18.7,0.0,2.3,2.0,0.0,16.0,8.0,8.0,0.0,0.0
FY26_P05_Utilization_2026-02.csv,CC-2010,Project Management,Devon Ferreira,Billable Staff,L3 Senior Engineer,80.41,81.45,85.00,-3.55,68.13,77.38,78.00,-0.62,160.0,152.0,123.8,28.2,0.0,5.0,12.8,3.2,4.5,0.0,1.8,0.9,0.0,8.0,8.0,0.0,0.0,0.0
FY26_P05_Utilization_2026-02.csv,CC-2010,Project Management,Elena Moreau,Project Leadership,L4 Manager,56.95,56.49,60.00,-3.51,46.40,52.25,55.00,-2.75,160.0,148.0,83.6,64.4,0.0,4.4,17.0,5.3,31.7,0.0,5.3,0.7,0.0,12.0,8.0,4.0,0.0,0.0
FY26_P05_Utilization_2026-02.csv,CC-2010,Project Management,Farid Iverson,Billable Staff,L2 Engineer,73.25,86.39,85.00,1.39,65.79,77.75,78.00,-0.25,160.0,144.0,124.4,19.6,0.0,5.0,6.1,1.2,1.1,0.0,4.2,2.0,0.0,16.0,8.0,8.0,0.0,0.0
FY26_P05_Utilization_2026-02.csv,CC-2010,Project Management,Grace Vasquez,Billable Staff,L2 Engineer,87.99,89.00,85.00,4.00,74.15,77.88,78.00,-0.12,160.0,140.0,124.6,15.4,0.0,4.6,0.0,0.7,0.9,3.5,4.4,1.3,0.0,20.0,8.0,8.0,4.0,0.0
FY26_P05_Utilization_2026-02.csv,CC-2010,Project Management,Hassan Larkin,Billable Staff,L2 Engineer,66.47,68.71,85.00,-16.29,56.84,56.69,78.00,-21.31,160.0,132.0,90.7,41.3,0.0,3.6,27.4,2.1,1.7,5.4,0.0,1.1,2.0,28.0,16.0,12.0,0.0,0.0
FY26_P05_Utilization_2026-02.csv,CC-2010,Project Management,Imani Okafor,Billable Staff,L1 Analyst,61.17,73.21,80.00,-6.79,55.79,64.06,73.50,-9.44,160.0,140.0,102.5,37.5,0.0,4.7,27.8,1.2,0.9,0.0,1.0,1.9,0.0,20.0,8.0,12.0,0.0,0.0
FY26_P05_Utilization_2026-02.csv,CC-2010,Project Management,Jonas Nakamura,Project Leadership,L4 Manager,58.04,58.72,60.00,-1.28,51.08,54.31,55.00,-0.69,160.0,148.0,86.9,61.1,0.0,4.2,16.9,6.2,29.3,0.0,3.0,1.5,12.0,12.0,8.0,4.0,0.0,0.0
FY26_P05_Utilization_2026-02.csv,CC-3010,Field Services,Katya Fontaine,Billable Staff,L2 Engineer,76.14,75.00,85.00,-10.00,66.08,67.50,78.00,-10.50,160.0,144.0,108.0,36.0,0.0,3.6,21.6,1.2,1.4,0.0,7.3,0.9,0.0,16.0,8.0,8.0,0.0,0.0
FY26_P05_Utilization_2026-02.csv,CC-3010,Field Services,Liam Novak,Billable Staff,L3 Senior Engineer,73.99,87.50,85.00,2.50,65.13,74.38,78.00,-3.62,160.0,136.0,119.0,17.0,0.0,2.9,0.0,2.3,1.9,4.1,4.6,1.2,0.0,24.0,8.0,8.0,8.0,0.0
FY26_P05_Utilization_2026-02.csv,CC-3010,Field Services,Maren Ashworth,Billable Staff,L3 Senior Engineer,89.59,81.84,85.00,-3.16,76.03,69.56,78.00,-8.44,160.0,136.0,111.3,24.7,0.0,6.7,8.1,2.1,4.9,1.8,0.0,1.1,0.0,24.0,16.0,0.0,8.0,0.0
FY26_P05_Utilization_2026-02.csv,CC-3010,Field Services,Nikhil Haddad,Billable Staff,L3 Senior Engineer,74.82,70.95,85.00,-14.05,62.30,62.98,78.00,-15.02,178.0,158.0,112.1,45.9,18.0,6.9,16.8,3.9,4.2,3.5,9.2,1.4,0.0,20.0,8.0,8.0,4.0,0.0
FY26_P05_Utilization_2026-02.csv,CC-3010,Field Services,Odessa Kowalski,Project Leadership,L4 Manager,69.58,70.44,60.00,10.44,59.39,59.88,55.00,4.88,160.0,136.0,95.8,40.2,0.0,2.9,0.0,8.6,20.5,0.0,7.3,0.9,4.0,24.0,8.0,8.0,8.0,0.0
FY26_P05_Utilization_2026-02.csv,CC-3010,Field Services,Priya Bergstrom,Billable Staff,L2 Engineer,91.94,84.54,85.00,-0.46,81.70,77.42,78.00,-0.58,190.0,174.0,147.1,26.9,30.0,5.5,16.5,2.0,1.8,0.0,0.5,0.6,6.0,16.0,8.0,4.0,4.0,0.0
FY26_P05_Utilization_2026-02.csv,CC-3010,Field Services,Quentin Delacroix,Billable Staff,L3 Senior Engineer,75.30,86.97,85.00,1.97,67.13,71.75,78.00,-6.25,160.0,132.0,114.8,17.2,0.0,6.0,2.0,1.2,3.6,0.0,4.3,0.1,0.0,28.0,16.0,12.0,0.0,0.0
FY26_P05_Utilization_2026-02.csv,CC-3010,Field Services,Rosalind Ashby,Project Leadership,L4 Manager,63.30,65.00,60.00,5.00,56.83,60.13,55.00,5.13,160.0,148.0,96.2,51.8,0.0,6.3,13.9,3.0,24.3,1.1,2.6,0.6,0.0,12.0,8.0,4.0,0.0,0.0
FY26_P05_Utilization_2026-02.csv,CC-3010,Field Services,Soren Salazar,Project Leadership,L4 Manager,61.64,60.90,60.00,0.90,52.91,54.81,55.00,-0.19,160.0,144.0,87.7,56.3,0.0,5.5,6.9,9.6,32.6,0.0,0.0,1.7,0.0,16.0,8.0,8.0,0.0,0.0
FY26_P05_Utilization_2026-02.csv,CC-3010,Field Services,Tamsin Thorne,Project Leadership,L4 Manager,50.11,49.04,60.00,-10.96,41.87,41.69,55.00,-13.31,160.0,136.0,66.7,69.3,0.0,5.0,22.0,3.8,30.0,0.3,7.5,0.7,0.0,24.0,8.0,12.0,4.0,0.0
FY26_P05_Utilization_2026-02.csv,CC-4010,Digital Solutions,Adaeze Whitfield,Billable Staff,L3 Senior Engineer,70.27,89.02,85.00,4.02,62.14,73.44,78.00,-4.56,160.0,132.0,117.5,14.5,0.0,3.8,1.7,1.5,4.3,0.0,2.3,0.9,0.0,28.0,16.0,4.0,8.0,0.0
FY26_P05_Utilization_2026-02.csv,CC-4010,Digital Solutions,Bruno Rathore,Project Leadership,L4 Manager,61.38,66.11,60.00,6.11,53.03,59.50,55.00,4.50,160.0,144.0,95.2,48.8,0.0,5.0,4.2,6.7,24.8,5.2,1.6,1.3,0.0,16.0,8.0,8.0,0.0,0.0
FY26_P05_Utilization_2026-02.csv,CC-4010,Digital Solutions,Clara Carrasco,Project Leadership,L4 Manager,47.09,46.18,60.00,-13.82,41.24,41.56,55.00,-13.44,160.0,144.0,66.5,77.5,0.0,4.5,33.1,6.2,26.0,0.0,6.3,1.4,0.0,16.0,8.0,8.0,0.0,0.0
FY26_P05_Utilization_2026-02.csv,CC-4010,Digital Solutions,Dmitri Yilmaz,Billable Staff,L3 Senior Engineer,83.17,83.77,85.00,-1.23,70.19,75.49,78.00,-2.51,162.0,146.0,122.3,23.7,2.0,4.7,3.2,1.8,5.4,0.0,8.5,0.1,0.0,16.0,8.0,8.0,0.0,0.0
FY26_P05_Utilization_2026-02.csv,CC-4010,Digital Solutions,Ulises Sandoval,Project Leadership,L4 Manager,43.94,60.69,60.00,0.69,38.51,54.63,55.00,-0.37,160.0,144.0,87.4,56.6,0.0,3.7,21.8,4.0,24.0,0.0,1.1,2.0,2.0,16.0,8.0,8.0,0.0,0.0
FY26_P05_Utilization_2026-02.csv,CC-4010,Digital Solutions,Vera Lindqvist,Billable Staff,L2 Engineer,81.59,70.93,85.00,-14.07,68.50,62.06,78.00,-15.94,160.0,140.0,99.3,40.7,0.0,6.7,24.1,1.4,0.9,0.0,6.5,1.1,10.0,20.0,8.0,12.0,0.0,0.0
FY26_P05_Utilization_2026-02.csv,CC-4010,Digital Solutions,Wren Beaumont,Billable Staff,L3 Senior Engineer,70.32,54.58,85.00,-30.42,60.30,49.78,78.00,-28.22,182.0,166.0,90.6,75.4,22.0,7.5,53.2,2.4,3.8,3.8,3.1,1.6,0.0,16.0,8.0,8.0,0.0,0.0
FY26_P05_Utilization_2026-02.csv,CC-4010,Digital Solutions,Xiomara Mbeki,Project Leadership,L4 Manager,53.99,61.25,60.00,1.25,44.78,52.06,55.00,-2.94,160.0,136.0,83.3,52.7,0.0,5.0,7.3,11.5,20.5,3.2,4.5,0.7,0.0,24.0,8.0,8.0,8.0,0.0
FY26_P05_Utilization_2026-02.csv,CC-4010,Digital Solutions,Yusuf Adeyemi,Billable Staff,L2 Engineer,82.25,82.23,85.00,-2.77,70.52,76.06,78.00,-1.94,160.0,148.0,121.7,26.3,0.0,4.1,15.7,0.9,1.1,0.0,3.2,1.3,0.0,12.0,8.0,4.0,0.0,0.0
FY26_P05_Utilization_2026-02.csv,CC-4010,Digital Solutions,Zara Mensah,Project Leadership,L4 Manager,31.22,31.25,60.00,-28.75,27.83,27.78,55.00,-27.22,180.0,160.0,50.0,110.0,20.0,6.9,53.4,9.1,33.3,4.8,2.3,0.2,0.0,20.0,16.0,4.0,0.0,0.0
FY26_P06_Utilization_2026-03.csv,CC-1010,Structural Engineering,Amara Ashby,Billable Staff,L3 Senior Engineer,84.70,96.14,85.00,11.14,73.78,82.07,78.00,4.07,164.0,140.0,134.6,5.4,0.0,1.9,0.0,1.4,1.4,0.0,0.6,0.1,0.0,24.0,8.0,16.0,0.0,12.0
FY26_P06_Utilization_2026-03.csv,CC-1010,Structural Engineering,Bennett Salazar,Billable Staff,L3 Senior Engineer,93.19,93.27,85.00,8.27,82.14,89.03,78.00,11.03,176.0,168.0,156.7,11.3,0.0,2.1,0.0,1.8,2.1,0.0,4.4,0.9,0.0,8.0,0.0,8.0,0.0,0.0
FY26_P06_Utilization_2026-03.csv,CC-1010,Structural Engineering,Camille Thorne,Billable Staff,L3 Senior Engineer,87.94,94.50,85.00,9.50,76.24,90.48,78.00,12.48,188.0,180.0,170.1,9.9,12.0,2.2,0.0,1.7,1.8,1.2,2.2,0.8,0.0,8.0,0.0,8.0,0.0,0.0
FY26_P06_Utilization_2026-03.csv,CC-1010,Structural Engineering,Devon Sandoval,Billable Staff,L1 Analyst,77.31,75.13,80.00,-4.87,68.30,68.30,73.50,-5.20,176.0,160.0,120.2,39.8,0.0,6.7,29.4,0.7,1.0,0.0,1.4,0.6,0.0,16.0,0.0,8.0,8.0,0.0
FY26_P06_Utilization_2026-03.csv,CC-1010,Structural Engineering,Elena Lindqvist,Billable Staff,L1 Analyst,68.81,63.50,80.00,-16.50,57.96,57.73,73.50,-15.77,176.0,160.0,101.6,58.4,0.0,5.8,43.6,1.0,0.5,3.2,3.4,0.9,0.0,16.0,0.0,16.0,0.0,0.0
FY26_P06_Utilization_2026-03.csv,CC-1010,Structural Engineering,Farid Beaumont,Billable Staff,L3 Senior Engineer,95.26,93.72,85.00,8.72,82.53,83.07,78.00,5.07,176.0,156.0,146.2,9.8,0.0,2.3,0.0,2.0,1.7,0.0,2.7,1.1,0.0,20.0,0.0,12.0,8.0,0.0
FY26_P06_Utilization_2026-03.csv,CC-1010,Structural Engineering,Grace Mbeki,Billable Staff,L1 Analyst,73.75,72.13,80.00,-7.87,61.48,65.57,73.50,-7.93,176.0,160.0,115.4,44.6,0.0,7.9,30.7,1.0,0.7,0.0,2.3,2.0,0.0,16.0,0.0,16.0,0.0,0.0
FY26_P06_Utilization_2026-03.csv,CC-1010,Structural Engineering,Hassan Adeyemi,Billable Staff,L2 Engineer,60.39,57.97,85.00,-27.03,53.02,56.65,78.00,-21.35,176.0,172.0,99.7,72.3,0.0,7.1,59.7,1.6,1.8,0.0,0.0,2.1,0.0,4.0,0.0,4.0,0.0,0.0
FY26_P06_Utilization_2026-03.csv,CC-1010,Structural Engineering,Imani Mensah,Billable Staff,L3 Senior Engineer,80.88,85.60,85.00,0.60,73.41,81.70,78.00,3.70,176.0,168.0,143.8,24.2,0.0,4.8,10.2,2.3,4.6,0.0,1.7,0.6,0.0,8.0,0.0,8.0,0.0,0.0
FY26_P06_Utilization_2026-03.csv,CC-1010,Structural Engineering,Jonas Whitfield,Billable Staff,L1 Analyst,71.26,70.22,80.00,-9.78,62.27,65.92,73.50,-7.58,196.0,184.0,129.2,54.8,20.0,7.2,42.9,0.8,1.2,0.0,2.5,0.2,6.0,12.0,0.0,12.0,0.0,0.0
FY26_P06_Utilization_2026-03.csv,CC-1010,Structural Engineering,Katya Rathore,Billable Staff,L1 Analyst,79.98,76.79,80.00,-3.21,70.18,73.30,73.50,-0.20,176.0,168.0,129.0,39.0,0.0,6.1,31.3,0.3,0.7,0.0,0.0,0.6,0.0,8.0,0.0,8.0,0.0,0.0
FY26_P06_Utilization_2026-03.csv,CC-1020,Mechanical Engineering,Liam Carrasco,Project Leadership,L4 Manager,60.44,61.31,60.00,1.31,52.64,58.52,55.00,3.52,176.0,168.0,103.0,65.0,0.0,7.8,4.6,10.3,31.7,7.9,1.3,1.4,0.0,8.0,0.0,8.0,0.0,0.0
FY26_P06_Utilization_2026-03.csv,CC-1020,Mechanical Engineering,Maren Yilmaz,Billable Staff,L3 Senior Engineer,87.80,85.45,85.00,0.45,78.14,73.93,78.00,-4.07,178.0,154.0,131.6,22.4,2.0,4.9,0.7,4.1,3.0,2.9,4.5,2.3,0.0,24.0,0.0,16.0,8.0,0.0
FY26_P06_Utilization_2026-03.csv,CC-1020,Mechanical Engineering,Nikhil Petrova,Billable Staff,L2 Engineer,57.84,61.04,85.00,-23.96,51.16,56.88,78.00,-21.12,176.0,164.0,100.1,63.9,0.0,6.4,40.1,2.9,2.0,5.9,5.9,0.7,0.0,12.0,0.0,4.0,8.0,0.0
FY26_P06_Utilization_2026-03.csv,CC-1020,Mechanical Engineering,Odessa Duarte,Billable Staff,L2 Engineer,90.01,90.05,85.00,5.05,79.50,88.35,78.00,10.35,212.0,208.0,187.3,20.7,36.0,5.9,4.4,2.6,1.8,0.0,5.9,0.1,0.0,4.0,0.0,4.0,0.0,0.0
FY26_P06_Utilization_2026-03.csv,CC-1020,Mechanical Engineering,Priya Halvorsen,Billable Staff,L2 Engineer,81.44,84.17,85.00,-0.83,71.11,74.60,78.00,-3.40,176.0,156.0,131.3,24.7,0.0,4.6,13.6,1.9,1.2,0.5,2.8,0.1,0.0,20.0,0.0,20.0,0.0,0.0
FY26_P06_Utilization_2026-03.csv,CC-1020,Mechanical Engineering,Quentin Ferreira,Project Leadership,L5 Principal,60.21,57.94,55.00,2.94,53.03,52.67,50.50,2.17,176.0,160.0,92.7,67.3,0.0,6.8,28.8,15.5,14.2,0.0,0.0,2.0,0.0,16.0,0.0,12.0,4.0,0.0
FY26_P06_Utilization_2026-03.csv,CC-1020,Mechanical Engineering,Rosalind Moreau,Billable Staff,L1 Analyst,78.32,79.19,80.00,-0.81,68.53,71.99,73.50,-1.51,176.0,160.0,126.7,33.3,0.0,7.4,20.0,0.6,0.5,0.0,4.8,0.0,0.0,16.0,0.0,16.0,0.0,0.0
FY26_P06_Utilization_2026-03.csv,CC-1020,Mechanical Engineering,Soren Iverson,Billable Staff,L3 Senior Engineer,82.56,81.03,85.00,-3.97,69.86,71.82,78.00,-6.18,176.0,156.0,126.4,29.6,0.0,7.0,10.2,2.7,5.0,0.0,4.5,0.2,0.0,20.0,0.0,16.0,4.0,0.0
FY26_P06_Utilization_2026-03.csv,CC-1020,Mechanical Engineering,Tamsin Vasquez,Billable Staff,L1 Analyst,67.87,65.51,80.00,-14.49,58.21,58.07,73.50,-15.43,176.0,156.0,102.2,53.8,0.0,5.7,33.4,0.9,0.8,3.1,8.3,1.6,0.0,20.0,0.0,16.0,4.0,0.0
FY26_P06_Utilization_2026-03.csv,CC-1020,Mechanical Engineering,Ulises Larkin,Project Leadership,L4 Manager,68.01,72.25,60.00,12.25,60.16,65.68,55.00,10.68,176.0,160.0,115.6,44.4,0.0,4.2,0.0,6.5,25.9,1.5,5.7,0.6,0.0,16.0,0.0,12.0,4.0,0.0
FY26_P06_Utilization_2026-03.csv,CC-1030,Electrical Engineering,Adaeze Haddad,Billable Staff,L3 Senior Engineer,79.52,78.08,85.00,-6.92,69.77,76.31,78.00,-1.69,176.0,172.0,134.3,37.7,0.0,4.7,17.5,2.3,5.1,2.4,3.9,1.8,0.0,4.0,0.0,4.0,0.0,0.0
FY26_P06_Utilization_2026-03.csv,CC-1030,Electrical Engineering,Bruno Kowalski,Project Leadership,L4 Manager,57.36,60.60,60.00,0.60,50.33,56.56,55.00,1.56,180.0,168.0,101.8,66.2,4.0,6.6,6.9,11.5,27.8,0.0,11.7,1.7,0.0,12.0,0.0,12.0,0.0,0.0
FY26_P06_Utilization_2026-03.csv,CC-1030,Electrical Engineering,Clara Bergstrom,Project Leadership,L5 Principal,57.42,59.88,55.00,4.88,51.46,55.80,50.50,5.30,176.0,164.0,98.2,65.8,0.0,6.5,12.9,27.4,17.3,0.0,0.0,1.7,10.0,12.0,0.0,4.0,8.0,0.0
FY26_P06_Utilization_2026-03.csv,CC-1030,Electrical Engineering,Dmitri Delacroix,Billable Staff,L1 Analyst,70.87,74.51,80.00,-5.49,61.88,69.43,73.50,-4.07,176.0,164.0,122.2,41.8,0.0,8.0,25.0,1.4,1.2,0.0,5.0,1.2,0.0,12.0,0.0,12.0,0.0,0.0
FY26_P06_Utilization_2026-03.csv,CC-1030,Electrical Engineering,Vera Okafor,Billable Staff,L3 Senior Engineer,88.73,98.49,85.00,13.49,77.55,96.25,78.00,18.25,176.0,172.0,169.4,2.6,0.0,0.9,0.0,0.6,0.5,0.0,0.5,0.1,0.0,4.0,0.0,4.0,0.0,0.0
FY26_P06_Utilization_2026-03.csv,CC-1030,Electrical Engineering,Wren Nakamura,Overhead,L2 Engineer,19.57,22.86,25.00,-2.14,17.74,21.82,23.00,-1.18,176.0,168.0,38.4,129.6,0.0,5.8,106.5,7.8,1.7,0.0,7.4,0.4,0.0,8.0,0.0,8.0,0.0,0.0
FY26_P06_Utilization_2026-03.csv,CC-1030,Electrical Engineering,Xiomara Fontaine,Overhead,L4 Manager,14.20,12.18,25.00,-12.82,12.02,10.80,23.00,-12.20,176.0,156.0,19.0,137.0,0.0,5.5,103.9,6.0,17.0,0.0,3.0,1.6,6.0,20.0,0.0,20.0,0.0,0.0
FY26_P06_Utilization_2026-03.csv,CC-1030,Electrical Engineering,Yusuf Novak,Billable Staff,L2 Engineer,69.32,71.92,85.00,-13.08,60.61,63.75,78.00,-14.25,176.0,156.0,112.2,43.8,0.0,5.9,27.6,0.7,1.3,0.0,7.6,0.7,0.0,20.0,0.0,12.0,8.0,0.0
FY26_P06_Utilization_2026-03.csv,CC-1030,Electrical Engineering,Zara Ashworth,Project Leadership,L5 Principal,54.38,56.49,55.00,1.49,47.98,53.92,50.50,3.42,176.0,168.0,94.9,73.1,0.0,7.1,19.1,15.4,18.9,7.3,3.5,1.8,20.0,8.0,0.0,8.0,0.0,0.0
FY26_P06_Utilization_2026-03.csv,CC-2010,Project Management,Amara Petrova,Billable Staff,L2 Engineer,86.60,89.55,85.00,4.55,73.53,79.38,78.00,1.38,176.0,156.0,139.7,16.3,0.0,3.6,0.0,0.8,1.3,4.6,5.7,0.3,0.0,20.0,0.0,20.0,0.0,0.0
FY26_P06_Utilization_2026-03.csv,CC-2010,Project Management,Bennett Duarte,Billable Staff,L3 Senior Engineer,87.45,87.01,85.00,2.01,77.88,81.08,78.00,3.08,176.0,164.0,142.7,21.3,0.0,5.5,0.0,3.6,5.6,3.5,2.7,0.4,6.0,12.0,0.0,12.0,0.0,0.0
FY26_P06_Utilization_2026-03.csv,CC-2010,Project Management,Camille Halvorsen,Project Leadership,L5 Principal,28.90,23.39,55.00,-31.61,25.03,22.33,50.50,-28.17,176.0,168.0,39.3,128.7,0.0,6.2,89.6,8.6,19.2,0.0,3.7,1.4,0.0,8.0,0.0,8.0,0.0,0.0
FY26_P06_Utilization_2026-03.csv,CC-2010,Project Management,Devon Ferreira,Billable Staff,L3 Senior Engineer,80.69,81.95,85.00,-3.05,69.52,76.36,78.00,-1.64,176.0,164.0,134.4,29.6,0.0,8.1,11.2,2.7,3.1,0.0,3.2,1.3,0.0,12.0,0.0,12.0,0.0,0.0
FY26_P06_Utilization_2026-03.csv,CC-2010,Project Management,Elena Moreau,Project Leadership,L4 Manager,57.27,58.69,60.00,-1.31,47.58,53.35,55.00,-1.65,176.0,160.0,93.9,66.1,0.0,6.4,11.4,7.6,30.9,0.0,7.8,2.0,0.0,16.0,0.0,16.0,0.0,0.0
FY26_P06_Utilization_2026-03.csv,CC-2010,Project Management,Farid Iverson,Billable Staff,L2 Engineer,75.86,88.23,85.00,3.23,68.57,82.22,78.00,4.22,176.0,164.0,144.7,19.3,0.0,6.2,0.0,1.2,1.5,5.6,4.2,0.6,0.0,12.0,0.0,12.0,0.0,0.0
FY26_P06_Utilization_2026-03.csv,CC-2010,Project Management,Grace Vasquez,Billable Staff,L2 Engineer,87.98,87.93,85.00,2.93,75.43,81.93,78.00,3.93,176.0,164.0,144.2,19.8,0.0,4.3,0.0,2.2,1.9,6.4,2.7,2.3,0.0,12.0,0.0,12.0,0.0,0.0
FY26_P06_Utilization_2026-03.csv,CC-2010,Project Management,Hassan Larkin,Billable Staff,L2 Engineer,64.66,55.14,85.00,-29.86,54.90,45.11,78.00,-32.89,176.0,144.0,79.4,64.6,0.0,6.0,50.9,0.6,1.3,2.8,1.8,1.2,2.0,32.0,8.0,16.0,8.0,0.0
FY26_P06_Utilization_2026-03.csv,CC-2010,Project Management,Imani Okafor,Billable Staff,L1 Analyst,63.68,76.06,80.00,-3.94,58.05,69.15,73.50,-4.35,176.0,160.0,121.7,38.3,0.0,6.9,14.1,0.9,1.1,7.9,5.3,2.1,2.0,16.0,0.0,16.0,0.0,0.0
FY26_P06_Utilization_2026-03.csv,CC-2010,Project Management,Jonas Nakamura,Project Leadership,L4 Manager,58.51,60.57,60.00,0.57,52.68,60.57,55.00,5.57,176.0,176.0,106.6,69.4,0.0,8.3,2.8,4.6,44.4,2.9,4.3,2.1,0.0,0.0,0.0,0.0,0.0,0.0
FY26_P06_Utilization_2026-03.csv,CC-3010,Field Services,Katya Fontaine,Billable Staff,L2 Engineer,75.24,71.28,85.00,-13.72,66.69,69.73,78.00,-8.27,184.0,180.0,128.3,51.7,8.0,5.2,35.0,2.5,2.1,0.0,6.7,0.2,0.0,4.0,0.0,4.0,0.0,0.0
FY26_P06_Utilization_2026-03.csv,CC-3010,Field Services,Liam Novak,Billable Staff,L3 Senior Engineer,77.31,92.74,85.00,7.74,68.72,86.42,78.00,8.42,176.0,164.0,152.1,11.9,0.0,2.5,0.0,1.6,2.7,0.0,4.8,0.3,0.0,12.0,0.0,8.0,4.0,0.0
FY26_P06_Utilization_2026-03.csv,CC-3010,Field Services,Maren Ashworth,Billable Staff,L3 Senior Engineer,88.98,86.25,85.00,1.25,77.09,82.33,78.00,4.33,176.0,168.0,144.9,23.1,0.0,6.4,0.0,1.2,4.4,3.4,5.6,2.1,0.0,8.0,0.0,8.0,0.0,0.0
FY26_P06_Utilization_2026-03.csv,CC-3010,Field Services,Nikhil Haddad,Billable Staff,L3 Senior Engineer,73.63,68.71,85.00,-16.29,62.90,65.75,78.00,-12.25,186.0,178.0,122.3,55.7,10.0,5.1,38.6,4.3,5.7,0.0,0.0,2.0,0.0,8.0,0.0,8.0,0.0,0.0
FY26_P06_Utilization_2026-03.csv,CC-3010,Field Services,Odessa Kowalski,Project Leadership,L4 Manager,68.45,63.86,60.00,3.86,59.27,58.75,55.00,3.75,200.0,184.0,117.5,66.5,24.0,4.9,13.9,10.1,26.1,0.0,9.7,1.8,0.0,16.0,0.0,12.0,4.0,0.0
FY26_P06_Utilization_2026-03.csv,CC-3010,Field Services,Priya Bergstrom,Billable Staff,L2 Engineer,89.92,81.04,85.00,-3.96,80.99,77.63,78.00,-0.37,190.0,182.0,147.5,34.5,14.0,8.3,18.9,2.0,1.9,0.0,2.6,0.8,0.0,8.0,0.0,4.0,4.0,0.0
FY26_P06_Utilization_2026-03.csv,CC-3010,Field Services,Quentin Delacroix,Billable Staff,L3 Senior Engineer,77.07,85.55,85.00,0.55,69.22,79.72,78.00,1.72,176.0,164.0,140.3,23.7,0.0,7.0,0.0,3.9,5.6,0.0,6.0,1.2,0.0,12.0,8.0,4.0,0.0,0.0
FY26_P06_Utilization_2026-03.csv,CC-3010,Field Services,Rosalind Ashby,Project Leadership,L4 Manager,62.86,60.91,60.00,0.91,57.11,58.40,55.00,3.40,194.0,186.0,113.3,72.7,18.0,6.4,6.9,13.5,31.0,6.4,8.3,0.2,20.0,8.0,0.0,8.0,0.0,0.0
FY26_P06_Utilization_2026-03.csv,CC-3010,Field Services,Soren Salazar,Project Leadership,L4 Manager,62.23,65.00,60.00,5.00,53.94,59.09,55.00,4.09,176.0,160.0,104.0,56.0,0.0,7.7,3.1,9.0,29.3,1.3,3.7,1.9,0.0,16.0,0.0,16.0,0.0,0.0
FY26_P06_Utilization_2026-03.csv,CC-3010,Field Services,Tamsin Thorne,Project Leadership,L4 Manager,51.46,57.50,60.00,-2.50,43.83,53.58,55.00,-1.42,176.0,164.0,94.3,69.7,0.0,7.8,15.5,8.8,34.0,0.0,3.4,0.2,2.0,12.0,0.0,12.0,0.0,0.0
FY26_P06_Utilization_2026-03.csv,CC-4010,Digital Solutions,Adaeze Whitfield,Billable Staff,L3 Senior Engineer,73.58,88.96,85.00,3.96,65.65,82.90,78.00,4.90,176.0,164.0,145.9,18.1,0.0,4.7,1.0,1.9,5.1,0.0,4.8,0.6,12.0,12.0,0.0,12.0,0.0,0.0
FY26_P06_Utilization_2026-03.csv,CC-4010,Digital Solutions,Bruno Rathore,Project Leadership,L4 Manager,61.96,64.87,60.00,4.87,53.53,56.02,55.00,1.02,176.0,152.0,98.6,53.4,0.0,6.2,1.3,14.1,28.6,0.4,2.3,0.5,0.0,24.0,0.0,16.0,8.0,0.0
FY26_P06_Utilization_2026-03.csv,CC-4010,Digital Solutions,Clara Carrasco,Project Leadership,L4 Manager,46.99,46.59,60.00,-13.41,42.14,46.59,55.00,-8.41,176.0,176.0,82.0,94.0,0.0,6.2,56.4,9.1,21.2,0.0,0.9,0.2,0.0,0.0,0.0,0.0,0.0,0.0
FY26_P06_Utilization_2026-03.csv,CC-4010,Digital Solutions,Dmitri Yilmaz,Billable Staff,L3 Senior Engineer,83.47,84.93,85.00,-0.07,70.73,73.35,78.00,-4.65,176.0,152.0,129.1,22.9,0.0,3.9,2.3,4.7,6.5,3.9,0.0,1.6,8.0,24.0,0.0,20.0,4.0,0.0
FY26_P06_Utilization_2026-03.csv,CC-4010,Digital Solutions,Ulises Sandoval,Project Leadership,L4 Manager,46.21,56.55,60.00,-3.45,41.10,53.98,55.00,-1.02,176.0,168.0,95.0,73.0,0.0,4.6,0.0,7.0,41.2,7.4,11.1,1.7,0.0,8.0,0.0,8.0,0.0,0.0
FY26_P06_Utilization_2026-03.csv,CC-4010,Digital Solutions,Vera Lindqvist,Billable Staff,L2 Engineer,79.94,73.92,85.00,-11.08,68.20,67.01,78.00,-10.99,214.0,194.0,143.4,50.6,38.0,6.8,31.2,2.1,2.1,0.0,6.1,2.3,0.0,20.0,0.0,16.0,4.0,0.0
FY26_P06_Utilization_2026-03.csv,CC-4010,Digital Solutions,Wren Beaumont,Billable Staff,L3 Senior Engineer,66.87,50.67,85.00,-34.33,58.16,47.22,78.00,-30.78,176.0,164.0,83.1,80.9,0.0,4.2,64.5,2.7,5.0,0.0,3.7,0.8,0.0,12.0,0.0,12.0,0.0,0.0
FY26_P06_Utilization_2026-03.csv,CC-4010,Digital Solutions,Xiomara Mbeki,Project Leadership,L4 Manager,55.50,62.31,60.00,2.31,46.78,56.65,55.00,1.65,176.0,160.0,99.7,60.3,0.0,4.0,11.9,6.7,33.3,3.0,0.3,1.1,0.0,16.0,0.0,16.0,0.0,0.0
FY26_P06_Utilization_2026-03.csv,CC-4010,Digital Solutions,Yusuf Adeyemi,Billable Staff,L2 Engineer,81.67,78.85,85.00,-6.15,70.42,69.89,78.00,-8.11,176.0,156.0,123.0,33.0,0.0,7.4,15.0,1.0,1.5,5.5,2.3,0.3,0.0,20.0,0.0,20.0,0.0,0.0
FY26_P06_Utilization_2026-03.csv,CC-4010,Digital Solutions,Zara Mensah,Project Leadership,L4 Manager,32.51,38.72,60.00,-21.28,29.20,36.08,55.00,-18.92,176.0,164.0,63.5,100.5,0.0,5.4,48.4,11.2,35.1,0.0,0.3,0.1,0.0,12.0,0.0,12.0,0.0,0.0
FY26_P07_Utilization_2026-04.csv,CC-1010,Structural Engineering,Amara Ashby,Billable Staff,L3 Senior Engineer,86.65,98.45,85.00,13.45,75.10,82.78,78.00,4.78,176.0,148.0,145.7,2.3,0.0,0.5,0.0,0.2,0.7,0.0,0.8,0.1,0.0,28.0,8.0,12.0,8.0,0.0
FY26_P07_Utilization_2026-04.csv,CC-1010,Structural Engineering,Bennett Salazar,Billable Staff,L3 Senior Engineer,93.14,92.83,85.00,7.83,81.86,80.17,78.00,2.17,176.0,152.0,141.1,10.9,0.0,2.9,0.0,0.3,3.0,0.7,3.3,0.7,0.0,24.0,8.0,12.0,4.0,0.0
FY26_P07_Utilization_2026-04.csv,CC-1010,Structural Engineering,Camille Thorne,Billable Staff,L3 Senior Engineer,89.55,98.54,85.00,13.54,78.47,91.82,78.00,13.82,176.0,164.0,161.6,2.4,0.0,0.5,0.0,0.4,0.5,0.4,0.5,0.1,0.0,12.0,8.0,4.0,0.0,0.0
FY26_P07_Utilization_2026-04.csv,CC-1010,Structural Engineering,Devon Sandoval,Billable Staff,L1 Analyst,77.98,81.94,80.00,1.94,69.18,74.49,73.50,0.99,176.0,160.0,131.1,28.9,0.0,6.5,11.5,0.9,0.6,0.0,9.1,0.3,0.0,16.0,8.0,8.0,0.0,0.0
FY26_P07_Utilization_2026-04.csv,CC-1010,Structural Engineering,Elena Lindqvist,Billable Staff,L1 Analyst,66.04,50.07,80.00,-29.93,55.83,43.24,73.50,-30.26,176.0,152.0,76.1,75.9,0.0,5.6,56.0,0.6,0.7,0.0,12.5,0.5,0.0,24.0,8.0,16.0,0.0,0.0
FY26_P07_Utilization_2026-04.csv,CC-1010,Structural Engineering,Farid Beaumont,Billable Staff,L3 Senior Engineer,94.51,90.07,85.00,5.07,81.19,73.69,78.00,-4.31,176.0,144.0,129.7,14.3,0.0,1.7,0.0,1.4,2.5,1.9,6.2,0.6,0.0,32.0,16.0,16.0,0.0,0.0
FY26_P07_Utilization_2026-04.csv,CC-1010,Structural Engineering,Grace Mbeki,Billable Staff,L1 Analyst,74.25,76.94,80.00,-3.06,62.71,69.94,73.50,-3.56,176.0,160.0,123.1,36.9,0.0,4.3,16.6,0.7,0.7,7.8,5.6,1.2,0.0,16.0,8.0,8.0,0.0,0.0
FY26_P07_Utilization_2026-04.csv,CC-1010,Structural Engineering,Hassan Adeyemi,Billable Staff,L2 Engineer,60.57,61.59,85.00,-23.41,53.64,57.39,78.00,-20.61,176.0,164.0,101.0,63.0,0.0,4.7,39.6,2.2,1.9,0.7,11.6,2.3,4.0,12.0,8.0,4.0,0.0,0.0
FY26_P07_Utilization_2026-04.csv,CC-1010,Structural Engineering,Imani Mensah,Billable Staff,L3 Senior Engineer,81.99,87.66,85.00,2.66,74.82,82.30,78.00,4.30,196.0,184.0,161.3,22.7,20.0,7.4,0.0,2.1,4.2,0.0,7.9,1.1,0.0,12.0,8.0,4.0,0.0,0.0
FY26_P07_Utilization_2026-04.csv,CC-1010,Structural Engineering,Jonas Whitfield,Billable Staff,L1 Analyst,71.59,73.62,80.00,-6.38,62.46,63.58,73.50,-9.92,176.0,152.0,111.9,40.1,0.0,4.6,22.6,0.9,0.7,1.0,9.8,0.5,2.0,24.0,8.0,16.0,0.0,0.0
FY26_P07_Utilization_2026-04.csv,CC-1010,Structural Engineering,Katya Rathore,Billable Staff,L1 Analyst,78.81,72.62,80.00,-7.38,70.05,69.32,73.50,-4.18,176.0,168.0,122.0,46.0,0.0,7.6,26.2,1.1,1.0,0.0,8.7,1.4,0.0,8.0,8.0,0.0,0.0,0.0
FY26_P07_Utilization_2026-04.csv,CC-1020,Mechanical Engineering,Liam Carrasco,Project Leadership,L4 Manager,60.73,62.64,60.00,2.64,52.44,51.25,55.00,-3.75,176.0,144.0,90.2,53.8,0.0,3.7,18.8,7.7,16.9,0.0,6.5,0.2,6.0,32.0,16.0,8.0,8.0,0.0
FY26_P07_Utilization_2026-04.csv,CC-1020,Mechanical Engineering,Maren Yilmaz,Billable Staff,L3 Senior Engineer,88.62,93.33,85.00,8.33,78.82,82.73,78.00,4.73,176.0,156.0,145.6,10.4,0.0,2.1,0.0,0.9,2.8,0.0,4.4,0.2,0.0,20.0,8.0,12.0,0.0,0.0
FY26_P07_Utilization_2026-04.csv,CC-1020,Mechanical Engineering,Nikhil Petrova,Billable Staff,L2 Engineer,58.47,61.86,85.00,-23.14,51.83,55.42,78.00,-22.58,192.0,172.0,106.4,65.6,16.0,8.6,36.7,1.7,1.9,0.0,14.4,2.3,0.0,20.0,8.0,12.0,0.0,0.0
FY26_P07_Utilization_2026-04.csv,CC-1020,Mechanical Engineering,Odessa Duarte,Billable Staff,L2 Engineer,88.32,78.13,85.00,-6.87,78.33,71.02,78.00,-6.98,176.0,160.0,125.0,35.0,0.0,6.1,11.4,2.3,0.7,0.0,13.8,0.7,0.0,16.0,8.0,8.0,0.0,0.0
FY26_P07_Utilization_2026-04.csv,CC-1020,Mechanical Engineering,Priya Halvorsen,Billable Staff,L2 Engineer,82.19,87.00,85.00,2.00,70.83,69.20,78.00,-8.80,176.0,140.0,121.8,18.2,0.0,3.8,0.0,1.2,0.4,2.6,10.1,0.1,0.0,36.0,8.0,20.0,8.0,0.0
FY26_P07_Utilization_2026-04.csv,CC-1020,Mechanical Engineering,Quentin Ferreira,Project Leadership,L5 Principal,61.07,66.25,55.00,11.25,53.63,57.22,50.50,6.72,176.0,152.0,100.7,51.3,0.0,7.4,9.1,7.8,12.6,0.0,12.3,2.1,0.0,24.0,8.0,12.0,4.0,0.0
FY26_P07_Utilization_2026-04.csv,CC-1020,Mechanical Engineering,Rosalind Moreau,Billable Staff,L1 Analyst,78.57,79.94,80.00,-0.06,69.38,74.49,73.50,0.99,176.0,164.0,131.1,32.9,0.0,7.7,8.9,1.2,0.9,0.0,14.1,0.1,10.0,12.0,8.0,4.0,0.0,0.0
FY26_P07_Utilization_2026-04.csv,CC-1020,Mechanical Engineering,Soren Iverson,Billable Staff,L3 Senior Engineer,81.56,76.37,85.00,-8.63,70.30,72.90,78.00,-5.10,176.0,168.0,128.3,39.7,0.0,4.6,11.2,4.3,4.4,4.9,10.2,0.1,0.0,8.0,8.0,0.0,0.0,0.0
FY26_P07_Utilization_2026-04.csv,CC-1020,Mechanical Engineering,Tamsin Vasquez,Billable Staff,L1 Analyst,67.44,64.25,80.00,-15.75,57.26,50.72,73.50,-22.78,152.0,120.0,77.1,42.9,0.0,5.2,29.1,0.1,0.5,0.0,7.5,0.5,2.0,32.0,16.0,8.0,8.0,24.0
FY26_P07_Utilization_2026-04.csv,CC-1020,Mechanical Engineering,Ulises Larkin,Project Leadership,L4 Manager,68.15,68.93,60.00,8.93,60.58,62.93,55.00,7.93,184.0,168.0,115.8,52.2,8.0,6.6,0.0,9.3,24.7,0.5,9.4,1.7,0.0,16.0,8.0,8.0,0.0,0.0
FY26_P07_Utilization_2026-04.csv,CC-1030,Electrical Engineering,Adaeze Haddad,Billable Staff,L3 Senior Engineer,81.40,90.94,85.00,5.94,72.18,85.26,78.00,7.26,192.0,180.0,163.7,16.3,16.0,3.2,0.0,1.1,2.3,3.1,4.9,1.7,0.0,12.0,8.0,4.0,0.0,0.0
FY26_P07_Utilization_2026-04.csv,CC-1030,Electrical Engineering,Bruno Kowalski,Project Leadership,L4 Manager,58.37,64.29,60.00,4.29,51.29,56.99,55.00,1.99,176.0,156.0,100.3,55.7,0.0,6.2,9.7,5.2,19.3,0.0,13.1,2.2,2.0,20.0,8.0,12.0,0.0,0.0
FY26_P07_Utilization_2026-04.csv,CC-1030,Electrical Engineering,Clara Bergstrom,Project Leadership,L5 Principal,57.95,60.91,55.00,5.91,52.23,56.76,50.50,6.26,176.0,164.0,99.9,64.1,0.0,4.7,6.7,15.2,19.8,6.0,10.1,1.6,0.0,12.0,8.0,0.0,4.0,0.0
FY26_P07_Utilization_2026-04.csv,CC-1030,Electrical Engineering,Dmitri Delacroix,Billable Staff,L1 Analyst,71.27,73.31,80.00,-6.69,63.13,70.16,73.50,-3.34,186.0,178.0,130.5,47.5,10.0,6.0,32.0,1.1,0.8,0.0,7.5,0.1,4.0,8.0,8.0,0.0,0.0,0.0
FY26_P07_Utilization_2026-04.csv,CC-1030,Electrical Engineering,Vera Okafor,Billable Staff,L3 Senior Engineer,90.13,98.51,85.00,13.51,78.33,82.84,78.00,4.84,176.0,148.0,145.8,2.2,0.0,0.5,0.0,0.3,0.4,0.0,0.9,0.1,4.0,28.0,8.0,12.0,8.0,0.0
FY26_P07_Utilization_2026-04.csv,CC-1030,Electrical Engineering,Wren Nakamura,Overhead,L2 Engineer,20.04,22.78,25.00,-2.22,18.05,19.78,23.00,-3.22,182.0,158.0,36.0,122.0,6.0,5.4,88.9,7.7,1.7,7.3,10.2,0.8,0.0,24.0,16.0,8.0,0.0,0.0
FY26_P07_Utilization_2026-04.csv,CC-1030,Electrical Engineering,Xiomara Fontaine,Overhead,L4 Manager,13.88,11.97,25.00,-13.03,11.78,10.34,23.00,-12.66,176.0,152.0,18.2,133.8,0.0,6.4,84.6,19.2,12.2,3.4,6.9,1.1,0.0,24.0,8.0,16.0,0.0,0.0
FY26_P07_Utilization_2026-04.csv,CC-1030,Electrical Engineering,Yusuf Novak,Billable Staff,L2 Engineer,69.82,72.62,85.00,-12.38,61.62,67.67,78.00,-10.33,176.0,164.0,119.1,44.9,0.0,4.3,27.4,2.1,2.5,0.0,6.3,2.3,0.0,12.0,8.0,4.0,0.0,0.0
FY26_P07_Utilization_2026-04.csv,CC-1030,Electrical Engineering,Zara Ashworth,Project Leadership,L5 Principal,55.16,59.93,55.00,4.93,48.52,51.76,50.50,1.26,176.0,152.0,91.1,60.9,0.0,4.6,4.7,24.1,15.7,0.0,9.6,2.2,0.0,24.0,16.0,8.0,0.0,0.0
FY26_P07_Utilization_2026-04.csv,CC-2010,Project Management,Amara Petrova,Billable Staff,L2 Engineer,86.15,83.33,85.00,-1.67,72.77,68.18,78.00,-9.82,176.0,144.0,120.0,24.0,0.0,7.2,4.8,1.5,1.1,2.2,6.4,0.8,0.0,32.0,8.0,20.0,4.0,0.0
FY26_P07_Utilization_2026-04.csv,CC-2010,Project Management,Bennett Duarte,Billable Staff,L3 Senior Engineer,86.90,83.78,85.00,-1.22,77.90,78.07,78.00,0.07,176.0,164.0,137.4,26.6,0.0,4.7,3.1,3.4,5.3,0.0,9.2,0.9,0.0,12.0,8.0,0.0,4.0,0.0
FY26_P07_Utilization_2026-04.csv,CC-2010,Project Management,Camille Halvorsen,Project Leadership,L5 Principal,28.27,24.81,55.00,-30.19,24.66,22.56,50.50,-27.94,176.0,160.0,39.7,120.3,0.0,6.7,70.2,9.6,21.1,0.0,11.3,1.4,0.0,16.0,8.0,8.0,0.0,0.0
FY26_P07_Utilization_2026-04.csv,CC-2010,Project Management,Devon Ferreira,Billable Staff,L3 Senior Engineer,78.23,64.44,85.00,-20.56,67.94,58.58,78.00,-19.42,176.0,160.0,103.1,56.9,0.0,8.0,31.0,2.4,7.2,0.0,6.1,2.2,0.0,16.0,8.0,8.0,0.0,0.0
FY26_P07_Utilization_2026-04.csv,CC-2010,Project Management,Elena Moreau,Project Leadership,L4 Manager,57.43,58.43,60.00,-1.57,47.42,46.48,55.00,-8.52,176.0,140.0,81.8,58.2,0.0,5.9,7.2,7.1,30.9,0.6,5.9,0.6,0.0,36.0,8.0,20.0,8.0,0.0
FY26_P07_Utilization_2026-04.csv,CC-2010,Project Management,Farid Iverson,Billable Staff,L2 Engineer,77.97,90.71,85.00,5.71,70.28,80.40,78.00,2.40,176.0,156.0,141.5,14.5,0.0,3.2,0.0,1.7,0.8,0.4,7.8,0.6,0.0,20.0,16.0,4.0,0.0,0.0
FY26_P07_Utilization_2026-04.csv,CC-2010,Project Management,Grace Vasquez,Billable Staff,L2 Engineer,87.17,82.56,85.00,-2.44,75.38,75.06,78.00,-2.94,176.0,160.0,132.1,27.9,0.0,7.4,5.9,1.9,1.8,2.9,7.7,0.3,0.0,16.0,8.0,8.0,0.0,0.0
FY26_P07_Utilization_2026-04.csv,CC-2010,Project Management,Hassan Larkin,Billable Staff,L2 Engineer,63.35,55.83,85.00,-29.17,54.13,49.49,78.00,-28.51,176.0,156.0,87.1,68.9,0.0,4.7,47.3,0.9,1.7,1.7,12.1,0.5,0.0,20.0,8.0,12.0,0.0,0.0
FY26_P07_Utilization_2026-04.csv,CC-2010,Project Management,Imani Okafor,Billable Staff,L1 Analyst,66.83,87.03,80.00,7.03,60.24,73.18,73.50,-0.32,176.0,148.0,128.8,19.2,0.0,3.9,0.0,0.2,0.6,3.4,10.1,1.0,0.0,28.0,8.0,20.0,0.0,0.0
FY26_P07_Utilization_2026-04.csv,CC-2010,Project Management,Jonas Nakamura,Project Leadership,L4 Manager,59.29,64.14,60.00,4.14,53.07,55.40,55.00,0.40,176.0,152.0,97.5,54.5,0.0,5.9,3.1,5.5,26.0,0.0,12.2,1.8,0.0,24.0,8.0,12.0,4.0,0.0
FY26_P07_Utilization_2026-04.csv,CC-3010,Field Services,Katya Fontaine,Billable Staff,L2 Engineer,74.88,72.63,85.00,-12.37,66.37,64.38,78.00,-13.62,176.0,156.0,113.3,42.7,0.0,7.5,23.6,2.1,1.0,0.0,6.3,2.2,0.0,20.0,8.0,12.0,0.0,0.0
FY26_P07_Utilization_2026-04.csv,CC-3010,Field Services,Liam Novak,Billable Staff,L3 Senior Engineer,79.21,90.00,85.00,5.00,70.90,83.86,78.00,5.86,176.0,164.0,147.6,16.4,0.0,3.8,0.0,1.0,2.3,0.0,9.1,0.2,0.0,12.0,8.0,4.0,0.0,0.0
FY26_P07_Utilization_2026-04.csv,CC-3010,Field Services,Maren Ashworth,Billable Staff,L3 Senior Engineer,88.99,89.08,85.00,4.08,77.07,76.93,78.00,-1.07,176.0,152.0,135.4,16.6,0.0,3.9,0.0,2.8,3.9,0.2,5.0,0.8,0.0,24.0,8.0,16.0,0.0,0.0
FY26_P07_Utilization_2026-04.csv,CC-3010,Field Services,Nikhil Haddad,Billable Staff,L3 Senior Engineer,73.57,73.23,85.00,-11.77,63.65,68.24,78.00,-9.76,176.0,164.0,120.1,43.9,0.0,6.9,19.5,4.1,4.7,0.0,7.3,1.4,0.0,12.0,8.0,4.0,0.0,0.0
FY26_P07_Utilization_2026-04.csv,CC-3010,Field Services,Odessa Kowalski,Project Leadership,L4 Manager,68.24,67.07,60.00,7.07,59.73,62.50,55.00,7.50,176.0,164.0,110.0,54.0,0.0,6.2,0.0,9.4,25.5,0.0,10.9,2.0,0.0,12.0,8.0,4.0,0.0,0.0
FY26_P07_Utilization_2026-04.csv,CC-3010,Field Services,Priya Bergstrom,Billable Staff,L2 Engineer,88.62,80.45,85.00,-4.55,79.64,71.31,78.00,-6.69,176.0,156.0,125.5,30.5,0.0,5.8,8.2,1.3,1.9,0.0,12.3,1.0,0.0,20.0,8.0,12.0,0.0,0.0
FY26_P07_Utilization_2026-04.csv,CC-3010,Field Services,Quentin Delacroix,Billable Staff,L3 Senior Engineer,78.31,85.90,85.00,0.90,70.20,76.14,78.00,-1.86,176.0,156.0,134.0,22.0,0.0,5.0,0.0,3.5,4.7,0.0,7.8,1.0,0.0,20.0,8.0,12.0,0.0,0.0
FY26_P07_Utilization_2026-04.csv,CC-3010,Field Services,Rosalind Ashby,Project Leadership,L4 Manager,62.20,57.89,60.00,-2.11,56.13,50.00,55.00,-5.00,176.0,152.0,88.0,64.0,0.0,6.1,7.6,11.0,27.7,0.0,9.8,1.8,0.0,24.0,8.0,8.0,8.0,0.0
FY26_P07_Utilization_2026-04.csv,CC-3010,Field Services,Soren Salazar,Project Leadership,L4 Manager,61.13,55.35,60.00,-4.65,53.62,51.74,55.00,-3.26,184.0,172.0,95.2,76.8,8.0,7.4,26.7,6.3,26.4,0.0,7.6,2.4,20.0,12.0,8.0,4.0,0.0,0.0
FY26_P07_Utilization_2026-04.csv,CC-3010,Field Services,Tamsin Thorne,Project Leadership,L4 Manager,52.77,60.13,60.00,0.13,45.38,54.66,55.00,-0.34,176.0,160.0,96.2,63.8,0.0,5.3,4.6,8.3,34.6,0.0,9.9,1.1,0.0,16.0,8.0,8.0,0.0,0.0
FY26_P07_Utilization_2026-04.csv,CC-4010,Digital Solutions,Adaeze Whitfield,Billable Staff,L3 Senior Engineer,75.02,83.38,85.00,-1.62,67.12,75.80,78.00,-2.20,176.0,160.0,133.4,26.6,0.0,3.7,0.0,2.9,5.5,3.6,10.7,0.2,0.0,16.0,8.0,0.0,8.0,0.0
FY26_P07_Utilization_2026-04.csv,CC-4010,Digital Solutions,Bruno Rathore,Project Leadership,L4 Manager,62.24,63.84,60.00,3.84,54.38,59.49,55.00,4.49,176.0,164.0,104.7,59.3,0.0,6.2,0.0,9.0,29.8,0.0,13.8,0.5,0.0,12.0,8.0,4.0,0.0,0.0
FY26_P07_Utilization_2026-04.csv,CC-4010,Digital Solutions,Clara Carrasco,Project Leadership,L4 Manager,47.43,50.00,60.00,-10.00,42.62,45.45,55.00,-9.55,176.0,160.0,80.0,80.0,0.0,7.6,27.6,8.0,24.0,4.3,7.8,0.7,0.0,16.0,8.0,8.0,0.0,0.0
FY26_P07_Utilization_2026-04.csv,CC-4010,Digital Solutions,Dmitri Yilmaz,Billable Staff,L3 Senior Engineer,84.50,90.06,85.00,5.06,72.62,83.92,78.00,5.92,176.0,164.0,147.7,16.3,0.0,5.4,0.0,1.4,3.0,0.0,5.8,0.7,0.0,12.0,8.0,4.0,0.0,0.0
FY26_P07_Utilization_2026-04.csv,CC-4010,Digital Solutions,Ulises Sandoval,Project Leadership,L4 Manager,48.19,60.33,60.00,0.33,42.68,52.10,55.00,-2.90,176.0,152.0,91.7,60.3,0.0,4.0,0.0,6.2,34.0,0.0,14.8,1.3,0.0,24.0,8.0,12.0,4.0,0.0
FY26_P07_Utilization_2026-04.csv,CC-4010,Digital Solutions,Vera Lindqvist,Billable Staff,L2 Engineer,79.86,79.34,85.00,-5.66,68.25,68.52,78.00,-9.48,176.0,152.0,120.6,31.4,0.0,7.2,6.6,1.6,0.9,4.7,8.3,2.1,0.0,24.0,8.0,12.0,4.0,0.0
FY26_P07_Utilization_2026-04.csv,CC-4010,Digital Solutions,Wren Beaumont,Billable Staff,L3 Senior Engineer,62.58,38.11,85.00,-46.89,54.97,35.51,78.00,-42.49,176.0,164.0,62.5,101.5,0.0,7.2,74.3,2.8,6.6,1.8,7.4,1.4,0.0,12.0,8.0,4.0,0.0,0.0
FY26_P07_Utilization_2026-04.csv,CC-4010,Digital Solutions,Xiomara Mbeki,Project Leadership,L4 Manager,56.96,65.39,60.00,5.39,48.18,56.48,55.00,1.48,176.0,152.0,99.4,52.6,0.0,5.7,0.0,6.0,31.8,0.3,7.4,1.4,0.0,24.0,8.0,8.0,8.0,0.0
FY26_P07_Utilization_2026-04.csv,CC-4010,Digital Solutions,Yusuf Adeyemi,Billable Staff,L2 Engineer,82.02,84.10,85.00,-0.90,71.00,74.55,78.00,-3.45,176.0,156.0,131.2,24.8,0.0,4.1,6.6,0.9,1.4,0.0,11.1,0.7,0.0,20.0,8.0,12.0,0.0,0.0
FY26_P07_Utilization_2026-04.csv,CC-4010,Digital Solutions,Zara Mensah,Project Leadership,L4 Manager,33.69,40.90,60.00,-19.10,30.20,36.25,55.00,-18.75,176.0,156.0,63.8,92.2,0.0,7.0,60.1,9.1,10.6,0.0,4.1,1.3,8.0,20.0,8.0,12.0,0.0,0.0
FY26_P08_Utilization_2026-05.csv,CC-1010,Structural Engineering,Amara Ashby,Billable Staff,L3 Senior Engineer,88.39,98.54,85.00,13.54,77.68,94.30,78.00,16.30,186.0,178.0,175.4,2.6,18.0,0.9,0.0,0.4,0.6,0.4,0.1,0.2,0.0,8.0,8.0,0.0,0.0,0.0
FY26_P08_Utilization_2026-05.csv,CC-1010,Structural Engineering,Bennett Salazar,Billable Staff,L3 Senior Engineer,93.44,95.51,85.00,10.51,82.68,88.69,78.00,10.69,168.0,156.0,149.0,7.0,0.0,1.6,0.0,1.2,1.5,0.0,2.0,0.7,0.0,12.0,8.0,0.0,4.0,0.0
FY26_P08_Utilization_2026-05.csv,CC-1010,Structural Engineering,Camille Thorne,Billable Staff,L3 Senior Engineer,90.35,96.15,85.00,11.15,79.22,84.70,78.00,6.70,168.0,148.0,142.3,5.7,0.0,1.7,0.0,0.7,0.9,0.0,2.2,0.2,0.0,20.0,8.0,12.0,0.0,0.0
FY26_P08_Utilization_2026-05.csv,CC-1010,Structural Engineering,Devon Sandoval,Billable Staff,L1 Analyst,79.09,87.11,80.00,7.11,70.33,78.81,73.50,5.31,168.0,152.0,132.4,19.6,0.0,5.6,3.6,0.9,1.1,5.5,1.5,1.4,6.0,16.0,8.0,8.0,0.0,0.0
FY26_P08_Utilization_2026-05.csv,CC-1010,Structural Engineering,Elena Lindqvist,Billable Staff,L1 Analyst,64.27,52.30,80.00,-27.70,54.80,47.32,73.50,-26.18,168.0,152.0,79.5,72.5,0.0,6.3,55.5,1.1,0.6,7.3,0.6,1.1,0.0,16.0,8.0,8.0,0.0,0.0
FY26_P08_Utilization_2026-05.csv,CC-1010,Structural Engineering,Farid Beaumont,Billable Staff,L3 Senior Engineer,94.15,91.67,85.00,6.67,80.86,78.57,78.00,0.57,168.0,144.0,132.0,12.0,0.0,3.5,0.0,0.8,2.8,0.0,3.9,1.0,0.0,24.0,8.0,16.0,0.0,0.0
FY26_P08_Utilization_2026-05.csv,CC-1010,Structural Engineering,Grace Mbeki,Billable Staff,L1 Analyst,72.46,59.43,80.00,-20.57,61.10,49.52,73.50,-23.98,168.0,140.0,83.2,56.8,0.0,5.7,44.9,0.7,0.6,1.7,2.9,0.3,0.0,28.0,8.0,20.0,0.0,0.0
FY26_P08_Utilization_2026-05.csv,CC-1010,Structural Engineering,Hassan Adeyemi,Billable Staff,L2 Engineer,60.86,62.97,85.00,-22.03,53.86,55.48,78.00,-22.52,168.0,148.0,93.2,54.8,0.0,7.4,43.7,1.7,1.4,0.0,0.0,0.6,0.0,20.0,8.0,8.0,4.0,0.0
FY26_P08_Utilization_2026-05.csv,CC-1010,Structural Engineering,Imani Mensah,Billable Staff,L3 Senior Engineer,82.57,86.91,85.00,1.91,75.28,78.63,78.00,0.63,168.0,152.0,132.1,19.9,0.0,3.4,0.0,3.2,3.0,5.2,3.5,1.6,0.0,16.0,8.0,4.0,4.0,0.0
FY26_P08_Utilization_2026-05.csv,CC-1010,Structural Engineering,Jonas Whitfield,Billable Staff,L1 Analyst,72.28,77.00,80.00,-3.00,63.74,73.33,73.50,-0.17,168.0,160.0,123.2,36.8,0.0,7.1,21.8,0.9,0.7,3.9,2.3,0.1,0.0,8.0,8.0,0.0,0.0,0.0
FY26_P08_Utilization_2026-05.csv,CC-1010,Structural Engineering,Katya Rathore,Billable Staff,L1 Analyst,79.02,80.54,80.00,0.54,70.16,70.95,73.50,-2.55,168.0,148.0,119.2,28.8,0.0,4.6,21.4,1.1,0.8,0.0,0.0,0.9,6.0,20.0,8.0,12.0,0.0,0.0
FY26_P08_Utilization_2026-05.csv,CC-1020,Mechanical Engineering,Liam Carrasco,Project Leadership,L4 Manager,61.46,66.69,60.00,6.69,53.20,58.75,55.00,3.75,168.0,148.0,98.7,49.3,0.0,4.7,9.5,8.9,24.9,0.0,0.0,1.3,12.0,20.0,8.0,12.0,0.0,0.0
FY26_P08_Utilization_2026-05.csv,CC-1020,Mechanical Engineering,Maren Yilmaz,Billable Staff,L3 Senior Engineer,89.61,96.58,85.00,11.58,79.88,87.38,78.00,9.38,168.0,152.0,146.8,5.2,0.0,1.4,0.0,0.2,1.0,0.0,2.4,0.2,0.0,16.0,8.0,8.0,0.0,0.0
FY26_P08_Utilization_2026-05.csv,CC-1020,Mechanical Engineering,Nikhil Petrova,Billable Staff,L2 Engineer,59.59,67.44,85.00,-17.56,53.12,62.62,78.00,-15.38,168.0,156.0,105.2,50.8,0.0,7.1,33.0,0.6,1.8,0.2,7.7,0.4,0.0,12.0,8.0,4.0,0.0,0.0
FY26_P08_Utilization_2026-05.csv,CC-1020,Mechanical Engineering,Odessa Duarte,Billable Staff,L2 Engineer,87.44,80.68,85.00,-4.32,77.48,71.07,78.00,-6.93,168.0,148.0,119.4,28.6,0.0,4.3,21.1,1.3,1.6,0.0,0.0,0.3,0.0,20.0,8.0,12.0,0.0,0.0
FY26_P08_Utilization_2026-05.csv,CC-1020,Mechanical Engineering,Priya Halvorsen,Billable Staff,L2 Engineer,83.60,93.58,85.00,8.58,72.24,82.44,78.00,4.44,168.0,148.0,138.5,9.5,0.0,3.2,0.0,1.2,0.8,0.0,3.1,1.2,0.0,20.0,8.0,4.0,8.0,0.0
FY26_P08_Utilization_2026-05.csv,CC-1020,Mechanical Engineering,Quentin Ferreira,Project Leadership,L5 Principal,61.97,69.04,55.00,14.04,53.91,55.89,50.50,5.39,168.0,136.0,93.9,42.1,0.0,3.4,0.0,20.1,12.9,0.0,5.2,0.5,0.0,32.0,16.0,12.0,4.0,0.0
FY26_P08_Utilization_2026-05.csv,CC-1020,Mechanical Engineering,Rosalind Moreau,Billable Staff,L1 Analyst,78.04,74.65,80.00,-5.35,69.23,68.23,73.50,-5.27,186.0,170.0,126.9,43.1,18.0,7.4,30.5,0.8,0.5,0.0,3.8,0.1,0.0,16.0,8.0,8.0,0.0,0.0
FY26_P08_Utilization_2026-05.csv,CC-1020,Mechanical Engineering,Soren Iverson,Billable Staff,L3 Senior Engineer,81.34,79.73,85.00,-5.27,70.29,70.24,78.00,-7.76,168.0,148.0,118.0,30.0,0.0,5.3,8.6,2.2,5.4,6.6,0.0,1.9,0.0,20.0,8.0,12.0,0.0,0.0
FY26_P08_Utilization_2026-05.csv,CC-1020,Mechanical Engineering,Tamsin Vasquez,Billable Staff,L1 Analyst,67.40,67.06,80.00,-12.94,57.40,58.46,73.50,-15.04,156.0,136.0,91.2,44.8,0.0,6.2,27.5,0.7,0.7,3.6,5.5,0.6,0.0,20.0,8.0,4.0,8.0,12.0
FY26_P08_Utilization_2026-05.csv,CC-1020,Mechanical Engineering,Ulises Larkin,Project Leadership,L4 Manager,68.25,68.96,60.00,8.96,60.40,59.11,55.00,4.11,168.0,144.0,99.3,44.7,0.0,3.5,0.0,10.7,27.4,0.3,2.6,0.2,0.0,24.0,8.0,8.0,8.0,0.0
FY26_P08_Utilization_2026-05.csv,CC-1030,Electrical Engineering,Adaeze Haddad,Billable Staff,L3 Senior Engineer,83.10,95.39,85.00,10.39,73.87,86.31,78.00,8.31,168.0,152.0,145.0,7.0,0.0,1.6,0.0,1.3,1.6,0.0,2.5,0.0,0.0,16.0,8.0,8.0,0.0,0.0
FY26_P08_Utilization_2026-05.csv,CC-1030,Electrical Engineering,Bruno Kowalski,Project Leadership,L4 Manager,57.60,52.03,60.00,-7.97,50.63,45.83,55.00,-9.17,168.0,148.0,77.0,71.0,0.0,4.6,34.4,7.5,14.4,0.0,9.8,0.3,20.0,20.0,8.0,8.0,4.0,0.0
FY26_P08_Utilization_2026-05.csv,CC-1030,Electrical Engineering,Clara Bergstrom,Project Leadership,L5 Principal,58.26,60.37,55.00,5.37,52.74,56.25,50.50,5.75,176.0,164.0,99.0,65.0,8.0,5.5,27.2,13.3,14.4,0.0,4.4,0.2,0.0,12.0,8.0,4.0,0.0,0.0
FY26_P08_Utilization_2026-05.csv,CC-1030,Electrical Engineering,Dmitri Delacroix,Billable Staff,L1 Analyst,71.64,74.44,80.00,-5.56,63.21,63.81,73.50,-9.69,168.0,144.0,107.2,36.8,0.0,7.1,24.1,0.8,0.8,0.0,2.9,1.1,0.0,24.0,8.0,8.0,8.0,0.0
FY26_P08_Utilization_2026-05.csv,CC-1030,Electrical Engineering,Vera Okafor,Billable Staff,L3 Senior Engineer,90.98,96.96,85.00,11.96,79.21,85.42,78.00,7.42,168.0,148.0,143.5,4.5,0.0,0.9,0.0,0.6,1.0,1.1,0.8,0.1,4.0,20.0,8.0,4.0,8.0,0.0
FY26_P08_Utilization_2026-05.csv,CC-1030,Electrical Engineering,Wren Nakamura,Overhead,L2 Engineer,21.03,28.38,25.00,3.38,18.90,25.00,23.00,2.00,168.0,148.0,42.0,106.0,0.0,7.2,87.2,5.7,1.3,0.0,4.5,0.1,0.0,20.0,8.0,12.0,0.0,0.0
FY26_P08_Utilization_2026-05.csv,CC-1030,Electrical Engineering,Xiomara Fontaine,Overhead,L4 Manager,14.53,18.86,25.00,-6.14,12.40,16.74,23.00,-6.26,178.0,158.0,29.8,128.2,10.0,7.0,62.8,11.1,37.3,0.0,8.1,1.9,0.0,20.0,8.0,12.0,0.0,0.0
FY26_P08_Utilization_2026-05.csv,CC-1030,Electrical Engineering,Yusuf Novak,Billable Staff,L2 Engineer,70.93,78.44,85.00,-6.56,63.20,74.70,78.00,-3.30,168.0,160.0,125.5,34.5,0.0,7.0,11.5,2.6,1.7,5.2,4.8,1.7,0.0,8.0,8.0,0.0,0.0,0.0
FY26_P08_Utilization_2026-05.csv,CC-1030,Electrical Engineering,Zara Ashworth,Project Leadership,L5 Principal,56.09,62.91,55.00,7.91,49.35,55.42,50.50,4.92,168.0,148.0,93.1,54.9,0.0,4.5,8.0,17.4,16.4,0.0,6.5,2.1,0.0,20.0,8.0,12.0,0.0,0.0
FY26_P08_Utilization_2026-05.csv,CC-2010,Project Management,Amara Petrova,Billable Staff,L2 Engineer,86.14,86.04,85.00,1.04,72.88,73.75,78.00,-4.25,168.0,144.0,123.9,20.1,0.0,4.2,5.3,1.8,1.2,2.2,4.6,0.8,0.0,24.0,8.0,8.0,8.0,0.0
FY26_P08_Utilization_2026-05.csv,CC-2010,Project Management,Bennett Duarte,Billable Staff,L3 Senior Engineer,87.12,88.82,85.00,3.82,77.69,76.13,78.00,-1.87,168.0,144.0,127.9,16.1,0.0,5.2,0.0,3.4,5.9,0.0,0.0,1.6,0.0,24.0,16.0,8.0,0.0,0.0
FY26_P08_Utilization_2026-05.csv,CC-2010,Project Management,Camille Halvorsen,Project Leadership,L5 Principal,28.33,28.68,55.00,-26.32,24.96,26.83,50.50,-23.67,186.0,174.0,49.9,124.1,18.0,8.2,65.4,18.8,23.4,2.2,3.6,2.5,0.0,12.0,8.0,4.0,0.0,0.0
FY26_P08_Utilization_2026-05.csv,CC-2010,Project Management,Devon Ferreira,Billable Staff,L3 Senior Engineer,77.14,68.68,85.00,-16.32,66.44,55.60,78.00,-22.40,168.0,136.0,93.4,42.6,0.0,6.4,23.9,3.5,1.2,0.0,6.1,1.5,4.0,32.0,16.0,16.0,0.0,0.0
FY26_P08_Utilization_2026-05.csv,CC-2010,Project Management,Elena Moreau,Project Leadership,L4 Manager,57.97,61.74,60.00,1.74,48.09,52.92,55.00,-2.08,168.0,144.0,88.9,55.1,0.0,3.8,0.0,9.7,28.1,6.3,6.5,0.7,4.0,24.0,8.0,8.0,8.0,0.0
FY26_P08_Utilization_2026-05.csv,CC-2010,Project Management,Farid Iverson,Billable Staff,L2 Engineer,79.13,87.70,85.00,2.70,71.13,77.26,78.00,-0.74,168.0,148.0,129.8,18.2,0.0,5.7,7.6,0.3,1.0,3.3,0.0,0.3,0.0,20.0,8.0,8.0,4.0,0.0
FY26_P08_Utilization_2026-05.csv,CC-2010,Project Management,Grace Vasquez,Billable Staff,L2 Engineer,87.64,90.99,85.00,5.99,76.21,82.32,78.00,4.32,168.0,152.0,138.3,13.7,0.0,6.5,1.5,1.2,1.2,0.0,2.3,1.0,0.0,16.0,8.0,8.0,0.0,0.0
FY26_P08_Utilization_2026-05.csv,CC-2010,Project Management,Hassan Larkin,Billable Staff,L2 Engineer,64.08,69.09,85.00,-15.91,54.99,61.15,78.00,-16.85,174.0,154.0,106.4,47.6,6.0,6.8,30.4,2.5,1.8,0.0,4.1,2.0,0.0,20.0,8.0,12.0,0.0,0.0
FY26_P08_Utilization_2026-05.csv,CC-2010,Project Management,Imani Okafor,Billable Staff,L1 Analyst,69.65,88.48,80.00,8.48,62.87,80.61,73.50,7.11,180.0,164.0,145.1,18.9,12.0,7.0,9.9,0.8,0.6,0.0,0.0,0.6,0.0,16.0,8.0,4.0,4.0,0.0
FY26_P08_Utilization_2026-05.csv,CC-2010,Project Management,Jonas Nakamura,Project Leadership,L4 Manager,59.73,63.06,60.00,3.06,53.19,54.05,55.00,-0.95,168.0,144.0,90.8,53.2,0.0,6.4,12.9,8.1,21.1,0.6,3.1,1.0,0.0,24.0,8.0,16.0,0.0,0.0
FY26_P08_Utilization_2026-05.csv,CC-3010,Field Services,Katya Fontaine,Billable Staff,L2 Engineer,75.47,79.74,85.00,-5.26,67.27,74.05,78.00,-3.95,168.0,156.0,124.4,31.6,0.0,5.5,16.6,1.8,1.4,0.0,5.6,0.7,0.0,12.0,8.0,4.0,0.0,0.0
FY26_P08_Utilization_2026-05.csv,CC-3010,Field Services,Liam Novak,Billable Staff,L3 Senior Engineer,80.31,88.33,85.00,3.33,71.76,77.94,78.00,-0.06,170.0,150.0,132.5,17.5,2.0,5.7,0.0,2.6,3.9,0.0,3.9,1.4,0.0,20.0,8.0,12.0,0.0,0.0
FY26_P08_Utilization_2026-05.csv,CC-3010,Field Services,Maren Ashworth,Billable Staff,L3 Senior Engineer,89.40,92.30,85.00,7.30,77.58,81.31,78.00,3.31,168.0,148.0,136.6,11.4,0.0,3.2,0.0,1.7,2.4,2.0,1.8,0.3,0.0,20.0,8.0,8.0,4.0,0.0
FY26_P08_Utilization_2026-05.csv,CC-3010,Field Services,Nikhil Haddad,Billable Staff,L3 Senior Engineer,74.01,77.05,85.00,-7.95,64.59,71.55,78.00,-6.45,168.0,156.0,120.2,35.8,0.0,6.9,13.3,2.7,6.5,0.0,5.7,0.7,4.0,12.0,8.0,4.0,0.0,0.0
FY26_P08_Utilization_2026-05.csv,CC-3010,Field Services,Odessa Kowalski,Project Leadership,L4 Manager,69.12,74.65,60.00,14.65,60.68,66.88,55.00,11.88,192.0,172.0,128.4,43.6,24.0,4.6,0.0,5.6,29.7,0.0,2.2,1.5,8.0,20.0,8.0,4.0,8.0,0.0
FY26_P08_Utilization_2026-05.csv,CC-3010,Field Services,Priya Bergstrom,Billable Staff,L2 Engineer,88.32,86.12,85.00,1.12,79.44,77.92,78.00,-0.08,168.0,152.0,130.9,21.1,0.0,5.7,6.1,1.4,1.8,2.7,3.2,0.2,0.0,16.0,8.0,0.0,8.0,0.0
FY26_P08_Utilization_2026-05.csv,CC-3010,Field Services,Quentin Delacroix,Billable Staff,L3 Senior Engineer,79.68,89.67,85.00,4.67,71.51,81.13,78.00,3.13,168.0,152.0,136.3,15.7,0.0,3.3,0.0,2.8,3.5,0.0,5.0,1.1,0.0,16.0,8.0,8.0,0.0,0.0
FY26_P08_Utilization_2026-05.csv,CC-3010,Field Services,Rosalind Ashby,Project Leadership,L4 Manager,61.63,58.00,60.00,-2.00,56.05,55.53,55.00,0.53,188.0,180.0,104.4,75.6,20.0,7.2,27.4,9.4,23.6,6.0,0.0,2.0,0.0,8.0,8.0,0.0,0.0,0.0
FY26_P08_Utilization_2026-05.csv,CC-3010,Field Services,Soren Salazar,Project Leadership,L4 Manager,61.84,66.91,60.00,6.91,54.44,60.54,55.00,5.54,168.0,152.0,101.7,50.3,0.0,3.8,1.1,8.1,27.1,5.9,2.0,2.3,0.0,16.0,8.0,8.0,0.0,0.0
FY26_P08_Utilization_2026-05.csv,CC-3010,Field Services,Tamsin Thorne,Project Leadership,L4 Manager,54.42,65.44,60.00,5.44,47.26,60.82,55.00,5.82,170.0,158.0,103.4,54.6,2.0,5.8,0.0,9.1,31.5,5.7,1.3,1.2,12.0,12.0,8.0,4.0,0.0,0.0
FY26_P08_Utilization_2026-05.csv,CC-4010,Digital Solutions,Adaeze Whitfield,Billable Staff,L3 Senior Engineer,75.92,82.93,85.00,-2.07,67.36,69.11,78.00,-8.89,168.0,140.0,116.1,23.9,0.0,6.4,0.6,2.6,4.1,3.8,5.6,0.8,0.0,28.0,8.0,20.0,0.0,0.0
FY26_P08_Utilization_2026-05.csv,CC-4010,Digital Solutions,Bruno Rathore,Project Leadership,L4 Manager,63.75,73.77,60.00,13.77,56.14,68.68,55.00,13.68,174.0,162.0,119.5,42.5,6.0,4.5,0.0,8.6,21.6,0.0,7.6,0.2,2.0,12.0,8.0,4.0,0.0,0.0
FY26_P08_Utilization_2026-05.csv,CC-4010,Digital Solutions,Clara Carrasco,Project Leadership,L4 Manager,48.36,55.07,60.00,-4.93,43.49,49.82,55.00,-5.18,168.0,152.0,83.7,68.3,0.0,5.8,18.3,8.4,25.4,4.6,5.4,0.4,8.0,16.0,8.0,8.0,0.0,0.0
FY26_P08_Utilization_2026-05.csv,CC-4010,Digital Solutions,Dmitri Yilmaz,Billable Staff,L3 Senior Engineer,85.57,92.82,85.00,7.82,74.26,86.19,78.00,8.19,168.0,156.0,144.8,11.2,0.0,2.4,0.0,2.3,2.5,1.4,2.0,0.6,6.0,12.0,8.0,4.0,0.0,0.0
FY26_P08_Utilization_2026-05.csv,CC-4010,Digital Solutions,Ulises Sandoval,Project Leadership,L4 Manager,50.18,63.69,60.00,3.69,44.85,60.65,55.00,5.65,168.0,160.0,101.9,58.1,0.0,5.2,4.8,11.3,26.5,2.7,6.7,0.9,0.0,8.0,8.0,0.0,0.0,0.0
FY26_P08_Utilization_2026-05.csv,CC-4010,Digital Solutions,Vera Lindqvist,Billable Staff,L2 Engineer,79.72,78.64,85.00,-6.36,67.92,65.54,78.00,-12.46,168.0,140.0,110.1,29.9,0.0,3.8,16.0,1.0,1.9,5.8,1.1,0.3,0.0,28.0,8.0,16.0,4.0,0.0
FY26_P08_Utilization_2026-05.csv,CC-4010,Digital Solutions,Wren Beaumont,Billable Staff,L3 Senior Engineer,60.11,41.32,85.00,-43.68,52.65,35.42,78.00,-42.58,168.0,144.0,59.5,84.5,0.0,6.5,54.4,3.6,3.7,6.2,8.6,1.5,0.0,24.0,8.0,16.0,0.0,0.0
FY26_P08_Utilization_2026-05.csv,CC-4010,Digital Solutions,Xiomara Mbeki,Project Leadership,L4 Manager,58.15,66.25,60.00,6.25,49.60,59.94,55.00,4.94,168.0,152.0,100.7,51.3,0.0,4.5,7.2,5.9,21.6,2.3,7.8,2.0,0.0,16.0,8.0,8.0,0.0,0.0
FY26_P08_Utilization_2026-05.csv,CC-4010,Digital Solutions,Yusuf Adeyemi,Billable Staff,L2 Engineer,82.45,85.54,85.00,0.54,71.52,75.36,78.00,-2.64,168.0,148.0,126.6,21.4,0.0,6.1,0.0,2.0,1.7,2.3,9.0,0.3,0.0,20.0,8.0,12.0,0.0,0.0
FY26_P08_Utilization_2026-05.csv,CC-4010,Digital Solutions,Zara Mensah,Project Leadership,L4 Manager,34.32,38.69,60.00,-21.31,31.00,36.85,55.00,-18.15,168.0,160.0,61.9,98.1,0.0,7.5,53.0,6.3,23.1,2.9,3.1,2.2,0.0,8.0,8.0,0.0,0.0,0.0
FY26_P09_Utilization_2026-06.csv,CC-1010,Structural Engineering,Amara Ashby,Billable Staff,L3 Senior Engineer,89.59,98.54,85.00,13.54,79.27,91.82,78.00,13.82,176.0,164.0,161.6,2.4,0.0,0.8,0.0,0.4,0.5,0.0,0.5,0.2,0.0,12.0,0.0,12.0,0.0,0.0
FY26_P09_Utilization_2026-06.csv,CC-1010,Structural Engineering,Bennett Salazar,Billable Staff,L3 Senior Engineer,93.74,95.93,85.00,10.93,83.93,93.75,78.00,15.75,176.0,172.0,165.0,7.0,0.0,2.1,0.0,0.7,1.2,1.1,1.9,0.0,0.0,4.0,0.0,4.0,0.0,0.0
FY26_P09_Utilization_2026-06.csv,CC-1010,Structural Engineering,Camille Thorne,Billable Staff,L3 Senior Engineer,90.47,91.42,85.00,6.42,78.96,76.88,78.00,-1.12,176.0,148.0,135.3,12.7,0.0,2.1,0.0,0.9,2.8,2.8,3.6,0.5,0.0,28.0,8.0,20.0,0.0,0.0
FY26_P09_Utilization_2026-06.csv,CC-1010,Structural Engineering,Devon Sandoval,Billable Staff,L1 Analyst,79.80,85.18,80.00,5.18,71.33,79.38,73.50,5.88,176.0,164.0,139.7,24.3,0.0,8.0,4.2,1.5,0.4,0.0,7.9,2.3,0.0,12.0,0.0,12.0,0.0,0.0
FY26_P09_Utilization_2026-06.csv,CC-1010,Structural Engineering,Elena Lindqvist,Billable Staff,L1 Analyst,62.58,49.47,80.00,-30.53,53.44,42.73,73.50,-30.77,176.0,152.0,75.2,76.8,0.0,5.9,66.0,0.8,1.2,0.0,1.3,1.6,0.0,24.0,0.0,24.0,0.0,0.0
FY26_P09_Utilization_2026-06.csv,CC-1010,Structural Engineering,Farid Beaumont,Billable Staff,L3 Senior Engineer,94.56,97.38,85.00,12.38,82.02,90.74,78.00,12.74,176.0,164.0,159.7,4.3,0.0,1.8,0.0,0.5,1.6,0.0,0.0,0.4,0.0,12.0,0.0,12.0,0.0,0.0
FY26_P09_Utilization_2026-06.csv,CC-1010,Structural Engineering,Grace Mbeki,Billable Staff,L1 Analyst,72.01,68.40,80.00,-11.60,60.52,55.97,73.50,-17.53,176.0,144.0,98.5,45.5,0.0,6.3,30.2,0.2,0.6,3.9,2.4,1.9,0.0,32.0,0.0,24.0,8.0,0.0
FY26_P09_Utilization_2026-06.csv,CC-1010,Structural Engineering,Hassan Adeyemi,Billable Staff,L2 Engineer,61.56,66.55,85.00,-18.45,55.13,65.06,78.00,-12.94,178.0,174.0,115.8,58.2,2.0,8.2,40.2,2.0,2.4,0.0,4.0,1.4,0.0,4.0,0.0,4.0,0.0,0.0
FY26_P09_Utilization_2026-06.csv,CC-1010,Structural Engineering,Imani Mensah,Billable Staff,L3 Senior Engineer,82.86,85.26,85.00,0.26,75.09,73.64,78.00,-4.36,176.0,152.0,129.6,22.4,0.0,5.9,5.4,3.4,4.4,0.6,0.7,2.0,0.0,24.0,0.0,24.0,0.0,0.0
FY26_P09_Utilization_2026-06.csv,CC-1010,Structural Engineering,Jonas Whitfield,Billable Staff,L1 Analyst,73.18,80.25,80.00,0.25,64.76,72.95,73.50,-0.55,176.0,160.0,128.4,31.6,0.0,5.0,18.9,0.5,1.0,0.0,4.1,2.1,0.0,16.0,0.0,12.0,4.0,0.0
FY26_P09_Utilization_2026-06.csv,CC-1010,Structural Engineering,Katya Rathore,Billable Staff,L1 Analyst,78.73,76.59,80.00,-3.41,70.30,71.36,73.50,-2.14,176.0,164.0,125.6,38.4,0.0,7.2,12.5,1.4,0.9,8.0,6.2,2.2,0.0,12.0,0.0,12.0,0.0,0.0
FY26_P09_Utilization_2026-06.csv,CC-1020,Mechanical Engineering,Liam Carrasco,Project Leadership,L4 Manager,61.22,59.29,60.00,-0.71,53.13,52.56,55.00,-2.44,176.0,156.0,92.5,63.5,0.0,5.7,0.0,9.2,41.6,0.6,4.4,2.0,0.0,20.0,0.0,20.0,0.0,0.0
FY26_P09_Utilization_2026-06.csv,CC-1020,Mechanical Engineering,Maren Yilmaz,Billable Staff,L3 Senior Engineer,90.52,97.38,85.00,12.38,80.65,86.56,78.00,8.56,180.0,160.0,155.8,4.2,4.0,1.1,0.0,0.8,0.8,0.7,0.3,0.5,0.0,20.0,8.0,12.0,0.0,0.0
FY26_P09_Utilization_2026-06.csv,CC-1020,Mechanical Engineering,Nikhil Petrova,Billable Staff,L2 Engineer,59.79,61.34,85.00,-23.66,53.57,57.16,78.00,-20.84,176.0,164.0,100.6,63.4,0.0,7.4,51.4,2.0,1.1,0.0,1.0,0.5,0.0,12.0,8.0,4.0,0.0,0.0
FY26_P09_Utilization_2026-06.csv,CC-1020,Mechanical Engineering,Odessa Duarte,Billable Staff,L2 Engineer,86.70,80.34,85.00,-4.66,76.40,67.56,78.00,-10.44,176.0,148.0,118.9,29.1,0.0,7.1,15.8,1.7,2.0,1.8,0.6,0.1,0.0,28.0,0.0,20.0,8.0,0.0
FY26_P09_Utilization_2026-06.csv,CC-1020,Mechanical Engineering,Priya Halvorsen,Billable Staff,L2 Engineer,83.83,85.46,85.00,0.46,73.15,79.95,78.00,1.95,186.0,174.0,148.7,25.3,10.0,6.2,0.0,2.4,2.4,7.7,4.2,2.4,2.0,12.0,0.0,12.0,0.0,0.0
FY26_P09_Utilization_2026-06.csv,CC-1020,Mechanical Engineering,Quentin Ferreira,Project Leadership,L5 Principal,62.92,69.70,55.00,14.70,54.77,60.99,50.50,10.49,192.0,168.0,117.1,50.9,16.0,5.1,0.0,19.2,18.8,0.0,7.3,0.5,0.0,24.0,0.0,24.0,0.0,0.0
FY26_P09_Utilization_2026-06.csv,CC-1020,Mechanical Engineering,Rosalind Moreau,Billable Staff,L1 Analyst,77.50,73.21,80.00,-6.79,68.75,64.89,73.50,-8.61,176.0,156.0,114.2,41.8,0.0,4.7,27.5,0.8,0.9,2.6,4.1,1.2,0.0,20.0,8.0,12.0,0.0,0.0
FY26_P09_Utilization_2026-06.csv,CC-1020,Mechanical Engineering,Soren Iverson,Billable Staff,L3 Senior Engineer,81.48,82.50,85.00,-2.50,71.24,78.75,78.00,0.75,176.0,168.0,138.6,29.4,0.0,6.0,4.5,3.8,4.3,5.2,4.4,1.2,6.0,8.0,0.0,8.0,0.0,0.0
FY26_P09_Utilization_2026-06.csv,CC-1020,Mechanical Engineering,Tamsin Vasquez,Billable Staff,L1 Analyst,67.40,67.44,80.00,-12.56,57.67,59.77,73.50,-13.73,176.0,156.0,105.2,50.8,0.0,7.6,33.8,0.7,0.6,0.0,7.2,0.9,0.0,20.0,0.0,20.0,0.0,0.0
FY26_P09_Utilization_2026-06.csv,CC-1020,Mechanical Engineering,Ulises Larkin,Project Leadership,L4 Manager,69.11,75.75,60.00,15.75,61.35,68.86,55.00,13.86,176.0,160.0,121.2,38.8,0.0,4.3,0.0,7.2,20.9,4.3,2.0,0.1,0.0,16.0,0.0,8.0,8.0,0.0
FY26_P09_Utilization_2026-06.csv,CC-1030,Electrical Engineering,Adaeze Haddad,Billable Staff,L3 Senior Engineer,84.47,94.88,85.00,9.88,75.49,88.41,78.00,10.41,176.0,164.0,155.6,8.4,0.0,2.6,0.0,1.4,1.1,1.5,1.8,0.0,8.0,12.0,0.0,4.0,8.0,0.0
FY26_P09_Utilization_2026-06.csv,CC-1030,Electrical Engineering,Bruno Kowalski,Project Leadership,L4 Manager,57.61,57.73,60.00,-2.27,51.02,53.97,55.00,-1.03,184.0,172.0,99.3,72.7,8.0,5.1,22.6,7.7,32.2,0.0,4.5,0.6,2.0,12.0,0.0,12.0,0.0,0.0
FY26_P09_Utilization_2026-06.csv,CC-1030,Electrical Engineering,Clara Bergstrom,Project Leadership,L5 Principal,57.83,54.89,55.00,-0.11,52.72,52.63,50.50,2.13,194.0,186.0,102.1,83.9,18.0,6.3,25.6,20.2,27.1,0.0,4.4,0.3,0.0,8.0,0.0,4.0,4.0,0.0
FY26_P09_Utilization_2026-06.csv,CC-1030,Electrical Engineering,Dmitri Delacroix,Billable Staff,L1 Analyst,72.22,76.73,80.00,-3.27,63.75,68.01,73.50,-5.49,176.0,156.0,119.7,36.3,0.0,5.6,17.5,1.0,0.5,4.4,6.3,1.0,0.0,20.0,0.0,12.0,8.0,0.0
FY26_P09_Utilization_2026-06.csv,CC-1030,Electrical Engineering,Vera Okafor,Billable Staff,L3 Senior Engineer,91.70,96.63,85.00,11.63,80.95,94.43,78.00,16.43,176.0,172.0,166.2,5.8,0.0,1.3,0.0,0.6,1.1,1.6,0.9,0.3,0.0,4.0,0.0,4.0,0.0,0.0
FY26_P09_Utilization_2026-06.csv,CC-1030,Electrical Engineering,Wren Nakamura,Overhead,L2 Engineer,20.82,19.10,25.00,-5.90,18.67,16.93,23.00,-6.07,176.0,156.0,29.8,126.2,0.0,4.8,107.4,7.4,2.5,0.0,3.1,1.0,0.0,20.0,0.0,12.0,8.0,0.0
FY26_P09_Utilization_2026-06.csv,CC-1030,Electrical Engineering,Xiomara Fontaine,Overhead,L4 Manager,15.13,19.57,25.00,-5.43,13.05,18.24,23.00,-4.76,176.0,164.0,32.1,131.9,0.0,5.1,74.3,18.2,29.4,0.0,4.8,0.1,0.0,12.0,0.0,12.0,0.0,0.0
FY26_P09_Utilization_2026-06.csv,CC-1030,Electrical Engineering,Yusuf Novak,Billable Staff,L2 Engineer,71.87,79.13,85.00,-5.87,64.18,71.93,78.00,-6.07,176.0,160.0,126.6,33.4,0.0,6.1,17.0,1.1,1.3,3.2,3.8,0.9,0.0,16.0,0.0,16.0,0.0,0.0
FY26_P09_Utilization_2026-06.csv,CC-1030,Electrical Engineering,Zara Ashworth,Project Leadership,L5 Principal,56.14,56.50,55.00,1.50,49.57,51.36,50.50,0.86,176.0,160.0,90.4,69.6,0.0,6.4,21.6,10.8,25.3,0.9,3.8,0.8,0.0,16.0,0.0,16.0,0.0,0.0
FY26_P09_Utilization_2026-06.csv,CC-2010,Project Management,Amara Petrova,Billable Staff,L2 Engineer,86.08,85.68,85.00,0.68,73.94,81.96,78.00,3.96,184.0,176.0,150.8,25.2,8.0,7.3,4.2,2.4,1.9,1.9,5.9,1.6,0.0,8.0,0.0,0.0,8.0,0.0
FY26_P09_Utilization_2026-06.csv,CC-2010,Project Management,Bennett Duarte,Billable Staff,L3 Senior Engineer,87.99,94.46,85.00,9.46,79.08,90.17,78.00,12.17,176.0,168.0,158.7,9.3,0.0,2.4,0.0,0.7,0.7,2.5,2.3,0.7,0.0,8.0,0.0,8.0,0.0,0.0
FY26_P09_Utilization_2026-06.csv,CC-2010,Project Management,Camille Halvorsen,Project Leadership,L5 Principal,28.81,32.85,55.00,-22.15,25.17,26.88,50.50,-23.62,176.0,144.0,47.3,96.7,0.0,7.2,42.3,15.0,13.7,5.8,11.5,1.2,0.0,32.0,0.0,24.0,8.0,0.0
FY26_P09_Utilization_2026-06.csv,CC-2010,Project Management,Devon Ferreira,Billable Staff,L3 Senior Engineer,75.83,65.00,85.00,-20.00,65.79,60.00,78.00,-18.00,156.0,144.0,93.6,50.4,0.0,7.0,29.7,1.3,2.7,2.1,5.7,1.9,0.0,12.0,0.0,12.0,0.0,20.0
FY26_P09_Utilization_2026-06.csv,CC-2010,Project Management,Elena Moreau,Project Leadership,L4 Manager,58.44,61.86,60.00,1.86,48.85,54.83,55.00,-0.17,176.0,156.0,96.5,59.5,0.0,6.8,0.0,10.8,30.4,5.2,4.2,2.1,6.0,20.0,0.0,20.0,0.0,0.0
FY26_P09_Utilization_2026-06.csv,CC-2010,Project Management,Farid Iverson,Billable Staff,L2 Engineer,80.22,88.69,85.00,3.69,72.20,80.63,78.00,2.63,176.0,160.0,141.9,18.1,0.0,4.9,0.0,1.3,1.3,6.6,2.8,1.2,6.0,16.0,0.0,16.0,0.0,0.0
FY26_P09_Utilization_2026-06.csv,CC-2010,Project Management,Grace Vasquez,Billable Staff,L2 Engineer,87.79,88.95,85.00,3.95,76.27,76.82,78.00,-1.18,176.0,152.0,135.2,16.8,0.0,4.0,3.0,1.7,0.9,3.9,1.0,2.3,4.0,24.0,0.0,24.0,0.0,0.0
FY26_P09_Utilization_2026-06.csv,CC-2010,Project Management,Hassan Larkin,Billable Staff,L2 Engineer,64.28,65.86,85.00,-19.14,55.20,56.88,78.00,-21.12,176.0,152.0,100.1,51.9,0.0,4.1,40.3,1.1,1.8,0.0,3.3,1.3,0.0,24.0,0.0,24.0,0.0,0.0
FY26_P09_Utilization_2026-06.csv,CC-2010,Project Management,Imani Okafor,Billable Staff,L1 Analyst,72.56,93.84,80.00,13.84,65.43,84.06,73.50,10.56,192.0,172.0,161.4,10.6,16.0,4.7,0.0,0.4,0.6,3.4,1.1,0.4,0.0,20.0,0.0,12.0,8.0,0.0
FY26_P09_Utilization_2026-06.csv,CC-2010,Project Management,Jonas Nakamura,Project Leadership,L4 Manager,60.36,65.69,60.00,5.69,54.08,62.24,55.00,7.24,152.0,144.0,94.6,49.4,0.0,6.9,6.1,8.3,24.2,2.1,1.4,0.4,0.0,8.0,0.0,8.0,0.0,24.0
FY26_P09_Utilization_2026-06.csv,CC-3010,Field Services,Katya Fontaine,Billable Staff,L2 Engineer,76.19,81.59,85.00,-3.41,67.77,71.49,78.00,-6.51,194.0,170.0,138.7,31.3,18.0,6.9,5.1,2.3,2.2,8.1,4.2,2.5,0.0,24.0,0.0,16.0,8.0,0.0
FY26_P09_Utilization_2026-06.csv,CC-3010,Field Services,Liam Novak,Billable Staff,L3 Senior Engineer,80.51,81.93,85.00,-3.07,72.91,81.93,78.00,3.93,176.0,176.0,144.2,31.8,0.0,7.7,13.3,2.5,7.0,0.0,0.0,1.3,0.0,0.0,0.0,0.0,0.0,0.0
FY26_P09_Utilization_2026-06.csv,CC-3010,Field Services,Maren Ashworth,Billable Staff,L3 Senior Engineer,89.97,94.54,85.00,9.54,78.04,81.65,78.00,3.65,176.0,152.0,143.7,8.3,0.0,2.3,0.0,1.3,1.2,0.2,2.6,0.7,0.0,24.0,0.0,16.0,8.0,0.0
FY26_P09_Utilization_2026-06.csv,CC-3010,Field Services,Nikhil Haddad,Billable Staff,L3 Senior Engineer,74.51,78.27,85.00,-6.73,65.33,71.24,78.00,-6.76,178.0,162.0,126.8,35.2,2.0,5.7,11.9,4.0,4.2,3.7,3.8,1.9,0.0,16.0,0.0,16.0,0.0,0.0
FY26_P09_Utilization_2026-06.csv,CC-3010,Field Services,Odessa Kowalski,Project Leadership,L4 Manager,69.50,72.44,60.00,12.44,61.60,69.15,55.00,14.15,176.0,168.0,121.7,46.3,0.0,6.7,1.4,11.9,19.3,0.0,6.1,0.9,0.0,8.0,0.0,8.0,0.0,0.0
FY26_P09_Utilization_2026-06.csv,CC-3010,Field Services,Priya Bergstrom,Billable Staff,L2 Engineer,88.16,86.92,85.00,1.92,79.45,79.52,78.00,1.52,188.0,172.0,149.5,22.5,12.0,5.6,7.7,1.9,2.1,0.0,4.4,0.8,2.0,16.0,8.0,8.0,0.0,0.0
FY26_P09_Utilization_2026-06.csv,CC-3010,Field Services,Quentin Delacroix,Billable Staff,L3 Senior Engineer,81.27,93.21,85.00,8.21,73.09,85.11,78.00,7.11,184.0,168.0,156.6,11.4,8.0,3.7,0.0,1.6,2.5,0.5,3.1,0.0,0.0,16.0,0.0,16.0,0.0,0.0
FY26_P09_Utilization_2026-06.csv,CC-3010,Field Services,Rosalind Ashby,Project Leadership,L4 Manager,61.58,61.16,60.00,1.16,56.15,56.99,55.00,1.99,176.0,164.0,100.3,63.7,0.0,5.0,23.9,7.4,19.0,0.0,6.1,2.3,0.0,12.0,0.0,12.0,0.0,0.0
FY26_P09_Utilization_2026-06.csv,CC-3010,Field Services,Soren Salazar,Project Leadership,L4 Manager,63.13,72.80,60.00,12.80,55.94,67.84,55.00,12.84,176.0,164.0,119.4,44.6,0.0,7.0,9.6,9.7,10.7,4.9,1.7,1.0,18.0,12.0,0.0,12.0,0.0,0.0
FY26_P09_Utilization_2026-06.csv,CC-3010,Field Services,Tamsin Thorne,Project Leadership,L4 Manager,55.82,66.30,60.00,6.30,48.49,57.74,55.00,2.74,186.0,162.0,107.4,54.6,10.0,5.0,14.2,8.9,23.2,0.0,2.8,0.5,0.0,24.0,0.0,16.0,8.0,0.0
FY26_P09_Utilization_2026-06.csv,CC-4010,Digital Solutions,Adaeze Whitfield,Billable Staff,L3 Senior Engineer,76.72,82.74,85.00,-2.26,68.46,77.10,78.00,-0.90,176.0,164.0,135.7,28.3,0.0,5.3,6.8,4.0,2.7,5.0,3.9,0.6,0.0,12.0,0.0,12.0,0.0,0.0
FY26_P09_Utilization_2026-06.csv,CC-4010,Digital Solutions,Bruno Rathore,Project Leadership,L4 Manager,64.61,71.10,60.00,11.10,57.27,66.25,55.00,11.25,176.0,164.0,116.6,47.4,0.0,4.1,0.0,6.2,30.8,0.0,4.3,2.0,0.0,12.0,0.0,12.0,0.0,0.0
FY26_P09_Utilization_2026-06.csv,CC-4010,Digital Solutions,Clara Carrasco,Project Leadership,L4 Manager,49.36,57.01,60.00,-2.99,44.57,53.13,55.00,-1.87,176.0,164.0,93.5,70.5,0.0,6.9,9.7,11.8,31.0,8.1,0.9,2.1,0.0,12.0,0.0,12.0,0.0,0.0
FY26_P09_Utilization_2026-06.csv,CC-4010,Digital Solutions,Dmitri Yilmaz,Billable Staff,L3 Senior Engineer,86.29,91.10,85.00,6.10,76.01,89.14,78.00,11.14,186.0,182.0,165.8,16.2,10.0,3.7,0.0,0.7,2.9,4.1,4.2,0.6,0.0,4.0,0.0,4.0,0.0,0.0
FY26_P09_Utilization_2026-06.csv,CC-4010,Digital Solutions,Ulises Sandoval,Project Leadership,L4 Manager,51.84,62.87,60.00,2.87,46.64,59.10,55.00,4.10,200.0,188.0,118.2,69.8,24.0,8.1,29.0,5.9,25.5,0.1,0.0,1.2,8.0,12.0,0.0,12.0,0.0,0.0
FY26_P09_Utilization_2026-06.csv,CC-4010,Digital Solutions,Vera Lindqvist,Billable Staff,L2 Engineer,79.38,76.71,85.00,-8.29,67.74,66.25,78.00,-11.75,176.0,152.0,116.6,35.4,0.0,5.2,24.4,2.2,1.8,0.0,0.6,1.2,0.0,24.0,0.0,24.0,0.0,0.0
FY26_P09_Utilization_2026-06.csv,CC-4010,Digital Solutions,Wren Beaumont,Billable Staff,L3 Senior Engineer,58.24,46.00,85.00,-39.00,51.74,45.05,78.00,-32.95,194.0,190.0,87.4,102.6,18.0,5.6,78.9,4.6,5.5,0.0,7.5,0.5,0.0,4.0,0.0,4.0,0.0,0.0
FY26_P09_Utilization_2026-06.csv,CC-4010,Digital Solutions,Xiomara Mbeki,Project Leadership,L4 Manager,58.68,62.56,60.00,2.56,50.42,56.88,55.00,1.88,176.0,160.0,100.1,59.9,0.0,5.2,7.8,9.3,35.9,0.0,0.0,1.7,0.0,16.0,0.0,8.0,8.0,0.0
FY26_P09_Utilization_2026-06.csv,CC-4010,Digital Solutions,Yusuf Adeyemi,Billable Staff,L2 Engineer,82.86,85.89,85.00,0.89,72.67,81.99,78.00,3.99,176.0,168.0,144.3,23.7,0.0,7.0,2.4,1.0,1.9,3.9,6.0,1.5,0.0,8.0,0.0,8.0,0.0,0.0
FY26_P09_Utilization_2026-06.csv,CC-4010,Digital Solutions,Zara Mensah,Project Leadership,L4 Manager,34.10,32.41,60.00,-27.59,30.99,30.96,55.00,-24.04,178.0,170.0,55.1,114.9,2.0,6.2,49.8,11.0,37.0,5.7,4.1,1.1,0.0,8.0,0.0,8.0,0.0,0.0
FY26_P10_Utilization_2026-07.csv,CC-1010,Structural Engineering,Amara Ashby,Billable Staff,L3 Senior Engineer,90.05,95.33,85.00,10.33,77.47,62.17,78.00,-15.83,184.0,120.0,114.4,5.6,0.0,1.2,0.0,1.2,1.7,0.4,0.9,0.2,0.0,64.0,8.0,56.0,0.0,0.0
FY26_P10_Utilization_2026-07.csv,CC-1010,Structural Engineering,Bennett Salazar,Billable Staff,L3 Senior Engineer,93.54,91.73,85.00,6.73,83.28,77.77,78.00,-0.23,184.0,156.0,143.1,12.9,0.0,5.2,1.0,0.7,3.8,0.0,1.6,0.6,2.0,28.0,8.0,20.0,0.0,0.0
FY26_P10_Utilization_2026-07.csv,CC-1010,Structural Engineering,Camille Thorne,Billable Staff,L3 Senior Engineer,90.30,88.60,85.00,3.60,77.55,65.49,78.00,-12.51,184.0,136.0,120.5,15.5,0.0,4.8,0.0,3.3,2.8,0.0,3.7,0.9,0.0,48.0,8.0,36.0,4.0,0.0
FY26_P10_Utilization_2026-07.csv,CC-1010,Structural Engineering,Devon Sandoval,Billable Staff,L1 Analyst,80.08,83.28,80.00,3.28,69.94,57.93,73.50,-15.57,184.0,128.0,106.6,21.4,0.0,3.6,10.7,0.5,0.9,0.8,3.1,1.8,0.0,56.0,8.0,48.0,0.0,0.0
FY26_P10_Utilization_2026-07.csv,CC-1010,Structural Engineering,Elena Lindqvist,Billable Staff,L1 Analyst,61.09,42.69,80.00,-37.31,50.44,25.05,73.50,-48.45,184.0,108.0,46.1,61.9,0.0,3.6,46.9,0.2,0.5,0.0,9.6,1.1,0.0,76.0,8.0,64.0,4.0,0.0
FY26_P10_Utilization_2026-07.csv,CC-1010,Structural Engineering,Farid Beaumont,Billable Staff,L3 Senior Engineer,94.69,96.27,85.00,11.27,79.26,56.94,78.00,-21.06,186.0,110.0,105.9,4.1,2.0,1.1,0.0,0.6,1.3,0.0,1.0,0.1,2.0,76.0,8.0,64.0,4.0,0.0
FY26_P10_Utilization_2026-07.csv,CC-1010,Structural Engineering,Grace Mbeki,Billable Staff,L1 Analyst,71.46,63.18,80.00,-16.82,57.31,30.22,73.50,-43.28,184.0,88.0,55.6,32.4,0.0,3.4,20.7,0.6,0.5,3.0,3.0,1.2,0.0,96.0,8.0,80.0,8.0,0.0
FY26_P10_Utilization_2026-07.csv,CC-1010,Structural Engineering,Hassan Adeyemi,Billable Staff,L2 Engineer,60.17,47.56,85.00,-37.44,53.58,40.33,78.00,-37.67,184.0,156.0,74.2,81.8,0.0,5.4,70.3,1.9,1.3,0.0,2.3,0.6,0.0,28.0,8.0,20.0,0.0,0.0
FY26_P10_Utilization_2026-07.csv,CC-1010,Structural Engineering,Imani Mensah,Billable Staff,L3 Senior Engineer,82.75,81.71,85.00,-3.29,73.75,62.17,78.00,-15.83,184.0,140.0,114.4,25.6,0.0,3.6,11.1,3.4,4.1,0.0,2.8,0.6,4.0,44.0,16.0,28.0,0.0,0.0
FY26_P10_Utilization_2026-07.csv,CC-1010,Structural Engineering,Jonas Whitfield,Billable Staff,L1 Analyst,72.15,61.06,80.00,-18.94,62.59,43.80,73.50,-29.70,184.0,132.0,80.6,51.4,0.0,5.5,35.0,0.9,0.9,3.7,5.1,0.3,0.0,52.0,8.0,44.0,0.0,0.0
FY26_P10_Utilization_2026-07.csv,CC-1010,Structural Engineering,Katya Rathore,Billable Staff,L1 Analyst,77.84,70.31,80.00,-9.69,68.52,55.29,73.50,-18.21,206.0,162.0,113.9,48.1,22.0,6.7,36.1,1.6,0.6,0.0,2.8,0.3,0.0,44.0,8.0,36.0,0.0,0.0
FY26_P10_Utilization_2026-07.csv,CC-1020,Mechanical Engineering,Liam Carrasco,Project Leadership,L4 Manager,60.65,56.07,60.00,-3.93,52.92,51.20,55.00,-3.80,184.0,168.0,94.2,73.8,0.0,5.5,30.7,9.2,23.6,0.2,2.5,2.1,0.0,16.0,8.0,8.0,0.0,0.0
FY26_P10_Utilization_2026-07.csv,CC-1020,Mechanical Engineering,Maren Yilmaz,Billable Staff,L3 Senior Engineer,90.23,87.11,85.00,2.11,78.52,60.60,78.00,-17.40,184.0,128.0,111.5,16.5,0.0,5.0,0.0,2.9,3.9,0.0,4.2,0.5,0.0,56.0,8.0,48.0,0.0,0.0
FY26_P10_Utilization_2026-07.csv,CC-1020,Mechanical Engineering,Nikhil Petrova,Billable Staff,L2 Engineer,59.59,57.05,85.00,-27.95,52.08,38.04,78.00,-39.96,168.0,112.0,63.9,48.1,0.0,4.8,33.0,1.4,1.8,0.0,5.9,1.2,0.0,56.0,8.0,48.0,0.0,16.0
FY26_P10_Utilization_2026-07.csv,CC-1020,Mechanical Engineering,Odessa Duarte,Billable Staff,L2 Engineer,85.99,80.23,85.00,-4.77,76.43,76.74,78.00,-1.26,184.0,176.0,141.2,34.8,0.0,7.8,17.7,2.1,1.6,1.4,1.8,2.4,0.0,8.0,8.0,0.0,0.0,0.0
FY26_P10_Utilization_2026-07.csv,CC-1020,Mechanical Engineering,Priya Halvorsen,Billable Staff,L2 Engineer,83.05,73.60,85.00,-11.40,70.02,44.16,78.00,-33.84,190.0,114.0,83.9,30.1,6.0,3.3,14.2,1.2,1.1,4.0,5.6,0.7,0.0,76.0,8.0,68.0,0.0,0.0
FY26_P10_Utilization_2026-07.csv,CC-1020,Mechanical Engineering,Quentin Ferreira,Project Leadership,L5 Principal,61.99,54.66,55.00,-0.34,53.66,45.29,50.50,-5.21,210.0,174.0,95.1,78.9,26.0,5.7,48.1,4.6,15.3,0.0,3.9,1.3,0.0,36.0,8.0,20.0,8.0,0.0
FY26_P10_Utilization_2026-07.csv,CC-1020,Mechanical Engineering,Rosalind Moreau,Billable Staff,L1 Analyst,76.93,69.44,80.00,-10.56,65.85,40.76,73.50,-32.74,184.0,108.0,75.0,33.0,0.0,3.3,24.5,0.5,0.7,1.7,1.7,0.6,0.0,76.0,8.0,68.0,0.0,0.0
FY26_P10_Utilization_2026-07.csv,CC-1020,Mechanical Engineering,Soren Iverson,Billable Staff,L3 Senior Engineer,81.80,84.67,85.00,-0.33,71.11,69.95,78.00,-8.05,184.0,152.0,128.7,23.3,0.0,5.0,2.0,2.4,4.9,0.0,8.0,1.0,0.0,32.0,8.0,24.0,0.0,0.0
FY26_P10_Utilization_2026-07.csv,CC-1020,Mechanical Engineering,Tamsin Vasquez,Billable Staff,L1 Analyst,66.82,60.86,80.00,-19.14,56.02,42.34,73.50,-31.16,184.0,128.0,77.9,50.1,0.0,5.0,34.0,0.6,0.6,4.9,3.7,1.3,0.0,56.0,16.0,40.0,0.0,0.0
FY26_P10_Utilization_2026-07.csv,CC-1020,Mechanical Engineering,Ulises Larkin,Project Leadership,L4 Manager,69.79,75.42,60.00,15.42,62.14,68.86,55.00,13.86,184.0,168.0,126.7,41.3,0.0,4.9,0.0,6.8,24.6,0.0,3.8,1.2,0.0,16.0,8.0,8.0,0.0,0.0
FY26_P10_Utilization_2026-07.csv,CC-1030,Electrical Engineering,Adaeze Haddad,Billable Staff,L3 Senior Engineer,84.75,87.03,85.00,2.03,76.10,81.36,78.00,3.36,184.0,172.0,149.7,22.3,0.0,5.9,0.0,1.6,3.1,4.2,5.3,2.2,0.0,12.0,8.0,0.0,4.0,0.0
FY26_P10_Utilization_2026-07.csv,CC-1030,Electrical Engineering,Bruno Kowalski,Project Leadership,L4 Manager,57.21,53.59,60.00,-6.41,50.43,45.43,55.00,-9.57,184.0,156.0,83.6,72.4,0.0,5.4,31.3,10.4,22.1,0.1,2.6,0.5,2.0,28.0,8.0,20.0,0.0,0.0
FY26_P10_Utilization_2026-07.csv,CC-1030,Electrical Engineering,Clara Bergstrom,Project Leadership,L5 Principal,56.61,44.66,55.00,-10.34,50.98,35.92,50.50,-14.58,184.0,148.0,66.1,81.9,0.0,5.9,24.5,20.4,20.8,6.8,2.8,0.7,6.0,36.0,8.0,24.0,4.0,0.0
FY26_P10_Utilization_2026-07.csv,CC-1030,Electrical Engineering,Dmitri Delacroix,Billable Staff,L1 Analyst,72.11,70.92,80.00,-9.08,61.92,46.25,73.50,-27.25,184.0,120.0,85.1,34.9,0.0,4.1,24.8,0.6,0.8,3.6,0.0,1.0,0.0,64.0,8.0,56.0,0.0,0.0
FY26_P10_Utilization_2026-07.csv,CC-1030,Electrical Engineering,Vera Okafor,Billable Staff,L3 Senior Engineer,92.16,98.50,85.00,13.50,78.02,53.53,78.00,-24.47,184.0,100.0,98.5,1.5,0.0,0.4,0.0,0.2,0.3,0.2,0.4,0.0,0.0,84.0,8.0,72.0,4.0,0.0
FY26_P10_Utilization_2026-07.csv,CC-1030,Electrical Engineering,Wren Nakamura,Overhead,L2 Engineer,20.82,20.88,25.00,-4.12,18.33,15.43,23.00,-7.57,184.0,136.0,28.4,107.6,0.0,5.7,89.1,6.5,1.0,0.0,5.3,0.0,0.0,48.0,16.0,32.0,0.0,0.0
FY26_P10_Utilization_2026-07.csv,CC-1030,Electrical Engineering,Xiomara Fontaine,Overhead,L4 Manager,15.00,13.78,25.00,-11.22,12.84,11.09,23.00,-11.91,184.0,148.0,20.4,127.6,0.0,6.6,85.9,8.1,19.3,0.0,5.9,1.8,12.0,36.0,8.0,28.0,0.0,0.0
FY26_P10_Utilization_2026-07.csv,CC-1030,Electrical Engineering,Yusuf Novak,Billable Staff,L2 Engineer,71.61,68.39,85.00,-16.61,61.81,41.63,78.00,-36.37,184.0,112.0,76.6,35.4,0.0,2.9,27.6,0.6,1.2,0.0,2.8,0.3,0.0,72.0,8.0,56.0,8.0,0.0
FY26_P10_Utilization_2026-07.csv,CC-1030,Electrical Engineering,Zara Ashworth,Project Leadership,L5 Principal,55.94,53.79,55.00,-1.21,48.18,36.25,50.50,-14.25,184.0,124.0,66.7,57.3,0.0,5.3,25.3,14.7,9.6,0.0,0.7,1.7,0.0,60.0,8.0,52.0,0.0,0.0
FY26_P10_Utilization_2026-07.csv,CC-2010,Project Management,Amara Petrova,Billable Staff,L2 Engineer,83.85,67.89,85.00,-17.11,72.96,65.15,78.00,-12.85,198.0,190.0,129.0,61.0,14.0,9.3,37.9,1.6,2.2,0.0,8.5,1.5,0.0,8.0,8.0,0.0,0.0,0.0
FY26_P10_Utilization_2026-07.csv,CC-2010,Project Management,Bennett Duarte,Billable Staff,L3 Senior Engineer,88.17,89.70,85.00,4.70,79.38,81.90,78.00,3.90,184.0,168.0,150.7,17.3,0.0,5.4,0.0,2.9,3.9,0.0,4.8,0.3,0.0,16.0,8.0,8.0,0.0,0.0
FY26_P10_Utilization_2026-07.csv,CC-2010,Project Management,Camille Halvorsen,Project Leadership,L5 Principal,28.51,24.50,55.00,-30.50,23.92,13.32,50.50,-37.18,184.0,100.0,24.5,75.5,0.0,3.1,43.5,13.9,10.0,0.0,4.4,0.6,2.0,84.0,8.0,76.0,0.0,0.0
FY26_P10_Utilization_2026-07.csv,CC-2010,Project Management,Devon Ferreira,Billable Staff,L3 Senior Engineer,74.85,62.06,85.00,-22.94,62.22,33.32,78.00,-44.68,190.0,102.0,63.3,38.7,6.0,4.4,22.0,3.3,4.4,0.0,3.7,0.9,0.0,88.0,8.0,80.0,0.0,0.0
FY26_P10_Utilization_2026-07.csv,CC-2010,Project Management,Elena Moreau,Project Leadership,L4 Manager,58.36,57.58,60.00,-2.42,47.79,38.80,55.00,-16.20,184.0,124.0,71.4,52.6,0.0,6.1,10.3,5.4,20.2,3.8,4.9,1.9,0.0,60.0,8.0,52.0,0.0,0.0
FY26_P10_Utilization_2026-07.csv,CC-2010,Project Management,Farid Iverson,Billable Staff,L2 Engineer,80.18,79.66,85.00,-5.34,69.88,50.22,78.00,-27.78,184.0,116.0,92.4,23.6,0.0,4.1,15.6,0.6,1.6,0.0,1.3,0.4,0.0,68.0,16.0,48.0,4.0,0.0
FY26_P10_Utilization_2026-07.csv,CC-2010,Project Management,Grace Vasquez,Billable Staff,L2 Engineer,87.38,83.43,85.00,-1.57,74.94,63.48,78.00,-14.52,184.0,140.0,116.8,23.2,0.0,5.0,12.7,1.6,1.0,0.0,1.9,1.0,0.0,44.0,8.0,36.0,0.0,0.0
FY26_P10_Utilization_2026-07.csv,CC-2010,Project Management,Hassan Larkin,Billable Staff,L2 Engineer,63.98,60.43,85.00,-24.57,53.42,38.10,78.00,-39.90,184.0,116.0,70.1,45.9,0.0,4.3,29.3,1.1,0.8,0.0,10.4,0.0,0.0,68.0,8.0,60.0,0.0,0.0
FY26_P10_Utilization_2026-07.csv,CC-2010,Project Management,Imani Okafor,Billable Staff,L1 Analyst,73.28,79.75,80.00,-0.25,65.84,69.35,73.50,-4.15,184.0,160.0,127.6,32.4,0.0,4.6,16.1,0.9,1.0,0.0,7.5,2.3,0.0,24.0,8.0,12.0,4.0,0.0
FY26_P10_Utilization_2026-07.csv,CC-2010,Project Management,Jonas Nakamura,Project Leadership,L4 Manager,60.78,65.39,60.00,5.39,53.17,45.49,55.00,-9.51,184.0,128.0,83.7,44.3,0.0,4.0,13.3,5.3,17.3,0.0,2.8,1.6,6.0,56.0,8.0,44.0,4.0,0.0
FY26_P10_Utilization_2026-07.csv,CC-3010,Field Services,Katya Fontaine,Billable Staff,L2 Engineer,74.58,60.06,85.00,-24.94,66.20,52.23,78.00,-25.77,184.0,160.0,96.1,63.9,0.0,4.7,45.8,2.1,1.0,0.0,8.3,2.0,0.0,24.0,8.0,12.0,4.0,0.0
FY26_P10_Utilization_2026-07.csv,CC-3010,Field Services,Liam Novak,Billable Staff,L3 Senior Engineer,80.22,76.85,85.00,-8.15,70.69,51.79,78.00,-26.21,184.0,124.0,95.3,28.7,0.0,5.3,16.5,1.9,3.4,0.0,0.0,1.6,0.0,60.0,8.0,52.0,0.0,0.0
FY26_P10_Utilization_2026-07.csv,CC-3010,Field Services,Maren Ashworth,Billable Staff,L3 Senior Engineer,89.32,82.87,85.00,-2.13,76.27,61.25,78.00,-16.75,184.0,136.0,112.7,23.3,0.0,5.0,6.8,3.5,3.9,0.0,4.0,0.1,0.0,48.0,8.0,32.0,8.0,0.0
FY26_P10_Utilization_2026-07.csv,CC-3010,Field Services,Nikhil Haddad,Billable Staff,L3 Senior Engineer,74.33,72.70,85.00,-12.30,64.79,60.05,78.00,-17.95,184.0,152.0,110.5,41.5,0.0,5.9,12.7,3.9,5.0,6.8,6.7,0.5,0.0,32.0,8.0,24.0,0.0,0.0
FY26_P10_Utilization_2026-07.csv,CC-3010,Field Services,Odessa Kowalski,Project Leadership,L4 Manager,69.32,66.85,60.00,6.85,59.32,39.24,55.00,-15.76,184.0,108.0,72.2,35.8,0.0,4.0,0.0,4.7,17.5,0.0,8.9,0.7,0.0,76.0,8.0,60.0,8.0,0.0
FY26_P10_Utilization_2026-07.csv,CC-3010,Field Services,Priya Bergstrom,Billable Staff,L2 Engineer,87.86,83.93,85.00,-1.07,76.56,51.09,78.00,-26.91,184.0,112.0,94.0,18.0,0.0,3.6,8.7,1.6,1.6,0.0,2.3,0.2,4.0,72.0,8.0,64.0,0.0,0.0
FY26_P10_Utilization_2026-07.csv,CC-3010,Field Services,Quentin Delacroix,Billable Staff,L3 Senior Engineer,82.49,91.76,85.00,6.76,74.39,84.56,78.00,6.56,204.0,188.0,172.5,15.5,20.0,4.3,0.0,3.2,2.5,0.8,4.5,0.2,0.0,16.0,8.0,8.0,0.0,0.0
FY26_P10_Utilization_2026-07.csv,CC-3010,Field Services,Rosalind Ashby,Project Leadership,L4 Manager,59.28,39.42,60.00,-20.58,53.84,34.59,55.00,-20.41,196.0,172.0,67.8,104.2,12.0,7.5,54.7,7.0,31.4,0.0,3.0,0.6,0.0,24.0,8.0,16.0,0.0,0.0
FY26_P10_Utilization_2026-07.csv,CC-3010,Field Services,Soren Salazar,Project Leadership,L4 Manager,63.58,68.83,60.00,8.83,54.78,44.89,55.00,-10.11,184.0,120.0,82.6,37.4,0.0,2.9,0.0,3.5,21.8,2.8,5.2,1.2,0.0,64.0,8.0,56.0,0.0,0.0
FY26_P10_Utilization_2026-07.csv,CC-3010,Field Services,Tamsin Thorne,Project Leadership,L4 Manager,56.23,60.45,60.00,0.45,47.96,43.37,55.00,-11.63,184.0,132.0,79.8,52.2,0.0,4.5,8.6,7.3,26.8,0.0,3.7,1.3,4.0,52.0,8.0,44.0,0.0,0.0
FY26_P10_Utilization_2026-07.csv,CC-4010,Digital Solutions,Adaeze Whitfield,Billable Staff,L3 Senior Engineer,77.18,82.86,85.00,-2.14,66.56,50.43,78.00,-27.57,184.0,112.0,92.8,19.2,0.0,4.8,0.0,2.5,2.5,4.5,4.5,0.4,0.0,72.0,8.0,64.0,0.0,0.0
FY26_P10_Utilization_2026-07.csv,CC-4010,Digital Solutions,Bruno Rathore,Project Leadership,L4 Manager,64.73,65.88,60.00,5.88,56.82,52.99,55.00,-2.01,184.0,148.0,97.5,50.5,0.0,5.4,6.2,8.7,23.0,0.0,5.3,1.9,0.0,36.0,8.0,24.0,4.0,0.0
FY26_P10_Utilization_2026-07.csv,CC-4010,Digital Solutions,Clara Carrasco,Project Leadership,L4 Manager,49.76,53.02,60.00,-6.98,44.69,45.60,55.00,-9.40,200.0,172.0,91.2,80.8,16.0,7.3,30.3,11.9,18.8,4.5,5.5,2.5,6.0,28.0,8.0,20.0,0.0,0.0
FY26_P10_Utilization_2026-07.csv,CC-4010,Digital Solutions,Dmitri Yilmaz,Billable Staff,L3 Senior Engineer,86.32,86.53,85.00,1.53,74.47,62.30,78.00,-15.70,200.0,144.0,124.6,19.4,16.0,4.1,2.7,2.5,4.3,0.0,4.5,1.3,0.0,56.0,8.0,48.0,0.0,0.0
FY26_P10_Utilization_2026-07.csv,CC-4010,Digital Solutions,Ulises Sandoval,Project Leadership,L4 Manager,52.50,59.41,60.00,-0.59,46.36,43.91,55.00,-11.09,184.0,136.0,80.8,55.2,0.0,5.3,13.5,4.6,21.9,3.2,4.9,1.8,0.0,48.0,8.0,36.0,4.0,0.0
FY26_P10_Utilization_2026-07.csv,CC-4010,Digital Solutions,Vera Lindqvist,Billable Staff,L2 Engineer,77.80,66.34,85.00,-18.66,66.39,56.61,78.00,-21.39,218.0,186.0,123.4,62.6,34.0,8.8,43.4,2.1,1.1,4.1,2.2,0.9,0.0,32.0,8.0,24.0,0.0,0.0
FY26_P10_Utilization_2026-07.csv,CC-4010,Digital Solutions,Wren Beaumont,Billable Staff,L3 Senior Engineer,55.65,31.86,85.00,-53.14,49.31,27.61,78.00,-50.39,180.0,156.0,49.7,106.3,0.0,5.8,76.4,3.5,4.7,6.9,8.4,0.6,0.0,24.0,8.0,16.0,0.0,4.0
FY26_P10_Utilization_2026-07.csv,CC-4010,Digital Solutions,Xiomara Mbeki,Project Leadership,L4 Manager,58.03,52.74,60.00,-7.26,50.06,47.01,55.00,-7.99,184.0,164.0,86.5,77.5,0.0,6.6,29.9,8.7,26.5,0.0,5.0,0.8,0.0,20.0,8.0,12.0,0.0,0.0
FY26_P10_Utilization_2026-07.csv,CC-4010,Digital Solutions,Yusuf Adeyemi,Billable Staff,L2 Engineer,82.73,81.36,85.00,-3.64,71.19,58.37,78.00,-19.63,184.0,132.0,107.4,24.6,0.0,4.6,11.1,0.4,0.7,0.0,6.3,1.5,0.0,52.0,8.0,44.0,0.0,0.0
FY26_P10_Utilization_2026-07.csv,CC-4010,Digital Solutions,Zara Mensah,Project Leadership,L4 Manager,33.78,30.74,60.00,-29.26,30.34,24.73,55.00,-30.27,184.0,148.0,45.5,102.5,0.0,6.7,57.4,4.7,26.4,0.0,7.1,0.2,0.0,36.0,8.0,28.0,0.0,0.0
FY26_P11_Utilization_2026-08.csv,CC-1010,Structural Engineering,Amara Ashby,Billable Staff,L3 Senior Engineer,90.43,94.50,85.00,9.50,77.58,78.75,78.00,0.75,168.0,140.0,132.3,7.7,0.0,2.3,0.0,1.0,2.0,0.0,1.6,0.8,0.0,28.0,8.0,12.0,8.0,0.0
FY26_P11_Utilization_2026-08.csv,CC-1010,Structural Engineering,Bennett Salazar,Billable Staff,L3 Senior Engineer,93.95,98.50,85.00,13.50,83.18,82.08,78.00,4.08,168.0,140.0,137.9,2.1,0.0,0.4,0.0,0.4,0.3,0.0,0.8,0.2,0.0,28.0,8.0,12.0,8.0,0.0
FY26_P11_Utilization_2026-08.csv,CC-1010,Structural Engineering,Camille Thorne,Billable Staff,L3 Senior Engineer,90.67,95.00,85.00,10.00,77.09,72.38,78.00,-5.62,168.0,128.0,121.6,6.4,0.0,1.5,0.0,1.2,0.6,2.2,0.9,0.0,0.0,40.0,16.0,16.0,8.0,0.0
FY26_P11_Utilization_2026-08.csv,CC-1010,Structural Engineering,Devon Sandoval,Billable Staff,L1 Analyst,80.51,85.07,80.00,5.07,70.20,72.92,73.50,-0.58,168.0,144.0,122.5,21.5,0.0,6.7,0.3,1.1,0.9,9.7,1.4,1.4,0.0,24.0,8.0,16.0,0.0,0.0
FY26_P11_Utilization_2026-08.csv,CC-1010,Structural Engineering,Elena Lindqvist,Billable Staff,L1 Analyst,59.75,45.59,80.00,-34.41,49.25,36.90,73.50,-36.60,168.0,136.0,62.0,74.0,0.0,4.7,59.2,0.7,0.5,4.0,4.5,0.4,0.0,32.0,8.0,24.0,0.0,0.0
FY26_P11_Utilization_2026-08.csv,CC-1010,Structural Engineering,Farid Beaumont,Billable Staff,L3 Senior Engineer,94.27,90.33,85.00,5.33,78.47,71.51,78.00,-6.49,192.0,152.0,137.3,14.7,24.0,4.4,0.0,3.3,3.2,0.0,3.6,0.2,0.0,40.0,8.0,32.0,0.0,0.0
FY26_P11_Utilization_2026-08.csv,CC-1010,Structural Engineering,Grace Mbeki,Billable Staff,L1 Analyst,70.92,66.09,80.00,-13.91,57.79,62.87,73.50,-10.63,164.0,156.0,103.1,52.9,0.0,5.0,37.2,0.9,0.8,0.0,7.3,1.7,0.0,8.0,8.0,0.0,0.0,4.0
FY26_P11_Utilization_2026-08.csv,CC-1010,Structural Engineering,Hassan Adeyemi,Billable Staff,L2 Engineer,59.41,51.18,85.00,-33.82,52.73,43.87,78.00,-34.13,168.0,144.0,73.7,70.3,0.0,5.4,56.1,1.0,0.8,0.0,6.8,0.2,0.0,24.0,16.0,8.0,0.0,0.0
FY26_P11_Utilization_2026-08.csv,CC-1010,Structural Engineering,Imani Mensah,Billable Staff,L3 Senior Engineer,82.54,80.00,85.00,-5.00,72.80,62.86,78.00,-15.14,168.0,132.0,105.6,26.4,0.0,5.3,5.0,2.9,2.3,2.4,6.8,1.7,0.0,36.0,8.0,28.0,0.0,0.0
FY26_P11_Utilization_2026-08.csv,CC-1010,Structural Engineering,Jonas Whitfield,Billable Staff,L1 Analyst,71.07,59.51,80.00,-20.49,61.59,51.01,73.50,-22.49,168.0,144.0,85.7,58.3,0.0,4.6,36.2,0.9,0.7,9.0,5.7,1.2,0.0,24.0,8.0,16.0,0.0,0.0
FY26_P11_Utilization_2026-08.csv,CC-1010,Structural Engineering,Katya Rathore,Billable Staff,L1 Analyst,77.81,77.50,80.00,-2.50,67.52,57.20,73.50,-16.30,168.0,124.0,96.1,27.9,0.0,3.5,13.6,0.7,0.7,8.2,0.3,0.9,0.0,44.0,8.0,36.0,0.0,0.0
FY26_P11_Utilization_2026-08.csv,CC-1020,Mechanical Engineering,Liam Carrasco,Project Leadership,L4 Manager,60.71,61.36,60.00,1.36,52.77,51.13,55.00,-3.87,168.0,140.0,85.9,54.1,0.0,6.8,10.0,5.9,27.0,0.0,3.2,1.2,0.0,28.0,8.0,20.0,0.0,0.0
FY26_P11_Utilization_2026-08.csv,CC-1020,Mechanical Engineering,Maren Yilmaz,Billable Staff,L3 Senior Engineer,90.31,91.09,85.00,6.09,79.05,84.58,78.00,6.58,168.0,156.0,142.1,13.9,0.0,4.0,0.0,1.2,3.9,0.0,3.0,1.8,0.0,12.0,8.0,4.0,0.0,0.0
FY26_P11_Utilization_2026-08.csv,CC-1020,Mechanical Engineering,Nikhil Petrova,Billable Staff,L2 Engineer,60.56,71.14,85.00,-13.86,52.71,59.29,78.00,-18.71,168.0,140.0,99.6,40.4,0.0,4.5,16.4,1.9,1.9,10.6,3.8,1.3,4.0,28.0,8.0,20.0,0.0,0.0
FY26_P11_Utilization_2026-08.csv,CC-1020,Mechanical Engineering,Odessa Duarte,Billable Staff,L2 Engineer,85.96,85.63,85.00,0.63,76.17,73.39,78.00,-4.61,168.0,144.0,123.3,20.7,0.0,3.9,9.4,1.7,1.2,0.0,2.7,1.8,0.0,24.0,8.0,16.0,0.0,0.0
FY26_P11_Utilization_2026-08.csv,CC-1020,Mechanical Engineering,Priya Halvorsen,Billable Staff,L2 Engineer,82.25,73.43,85.00,-11.57,68.95,57.88,78.00,-20.12,170.0,134.0,98.4,35.6,2.0,6.6,21.6,1.1,1.5,0.0,3.3,1.5,4.0,36.0,8.0,20.0,8.0,0.0
FY26_P11_Utilization_2026-08.csv,CC-1020,Mechanical Engineering,Quentin Ferreira,Project Leadership,L5 Principal,61.55,55.28,55.00,0.28,52.10,35.54,50.50,-14.96,168.0,108.0,59.7,48.3,0.0,4.5,20.1,7.9,10.3,0.9,3.8,0.8,0.0,60.0,8.0,48.0,4.0,0.0
FY26_P11_Utilization_2026-08.csv,CC-1020,Mechanical Engineering,Rosalind Moreau,Billable Staff,L1 Analyst,77.09,79.03,80.00,-0.97,65.21,58.33,73.50,-15.17,168.0,124.0,98.0,26.0,0.0,5.9,3.8,0.6,0.8,3.5,10.6,0.8,0.0,44.0,8.0,28.0,8.0,0.0
FY26_P11_Utilization_2026-08.csv,CC-1020,Mechanical Engineering,Soren Iverson,Billable Staff,L3 Senior Engineer,81.88,82.70,85.00,-2.30,71.26,72.86,78.00,-5.14,168.0,148.0,122.4,25.6,0.0,5.3,12.2,2.5,3.4,0.0,1.3,0.9,10.0,20.0,8.0,12.0,0.0,0.0
FY26_P11_Utilization_2026-08.csv,CC-1020,Mechanical Engineering,Tamsin Vasquez,Billable Staff,L1 Analyst,66.63,64.79,80.00,-15.21,55.51,50.86,73.50,-22.64,186.0,146.0,94.6,51.4,18.0,6.2,28.7,0.6,0.9,10.5,4.5,0.0,8.0,40.0,8.0,32.0,0.0,0.0
FY26_P11_Utilization_2026-08.csv,CC-1020,Mechanical Engineering,Ulises Larkin,Project Leadership,L4 Manager,69.61,67.88,60.00,7.88,62.36,64.64,55.00,9.64,168.0,160.0,108.6,51.4,0.0,4.6,0.0,10.5,31.7,0.8,2.6,1.2,2.0,8.0,8.0,0.0,0.0,0.0
FY26_P11_Utilization_2026-08.csv,CC-1030,Electrical Engineering,Adaeze Haddad,Billable Staff,L3 Senior Engineer,85.11,88.35,85.00,3.35,76.58,80.99,78.00,2.99,192.0,176.0,155.5,20.5,24.0,6.0,1.0,4.3,5.8,0.0,2.2,1.2,0.0,16.0,8.0,8.0,0.0,0.0
FY26_P11_Utilization_2026-08.csv,CC-1030,Electrical Engineering,Bruno Kowalski,Project Leadership,L4 Manager,57.03,55.31,60.00,-4.69,50.32,49.23,55.00,-5.77,182.0,162.0,89.6,72.4,14.0,7.2,16.9,5.0,34.9,0.0,6.3,2.1,0.0,20.0,8.0,12.0,0.0,0.0
FY26_P11_Utilization_2026-08.csv,CC-1030,Electrical Engineering,Clara Bergstrom,Project Leadership,L5 Principal,56.36,54.04,55.00,-0.96,50.82,49.29,50.50,-1.21,182.0,166.0,89.7,76.3,14.0,7.4,5.3,27.1,22.6,7.6,4.1,2.2,0.0,16.0,8.0,8.0,0.0,0.0
FY26_P11_Utilization_2026-08.csv,CC-1030,Electrical Engineering,Dmitri Delacroix,Billable Staff,L1 Analyst,71.42,65.24,80.00,-14.76,61.69,59.57,73.50,-13.93,184.0,168.0,109.6,58.4,16.0,5.8,43.4,1.0,0.9,0.0,6.3,1.0,0.0,16.0,8.0,4.0,4.0,0.0
FY26_P11_Utilization_2026-08.csv,CC-1030,Electrical Engineering,Vera Okafor,Billable Staff,L3 Senior Engineer,92.79,98.50,85.00,13.50,79.42,93.81,78.00,15.81,168.0,160.0,157.6,2.4,0.0,0.8,0.0,0.5,0.6,0.0,0.3,0.2,0.0,8.0,8.0,0.0,0.0,0.0
FY26_P11_Utilization_2026-08.csv,CC-1030,Electrical Engineering,Wren Nakamura,Overhead,L2 Engineer,21.03,23.26,25.00,-1.74,18.47,19.94,23.00,-3.06,168.0,144.0,33.5,110.5,0.0,5.9,95.2,5.5,1.5,0.0,1.3,1.1,0.0,24.0,8.0,16.0,0.0,0.0
FY26_P11_Utilization_2026-08.csv,CC-1030,Electrical Engineering,Xiomara Fontaine,Overhead,L4 Manager,15.69,21.96,25.00,-3.04,13.57,20.97,23.00,-2.03,176.0,168.0,36.9,131.1,8.0,5.5,77.6,9.2,32.9,0.0,5.0,0.9,0.0,8.0,8.0,0.0,0.0,0.0
FY26_P11_Utilization_2026-08.csv,CC-1030,Electrical Engineering,Yusuf Novak,Billable Staff,L2 Engineer,72.08,76.89,85.00,-8.11,62.33,67.74,78.00,-10.26,168.0,148.0,113.8,34.2,0.0,4.6,22.5,2.3,0.7,0.0,2.6,1.5,6.0,20.0,8.0,12.0,0.0,0.0
FY26_P11_Utilization_2026-08.csv,CC-1030,Electrical Engineering,Zara Ashworth,Project Leadership,L5 Principal,55.95,56.03,55.00,1.03,48.52,52.02,50.50,1.52,168.0,156.0,87.4,68.6,0.0,4.4,19.6,13.3,23.3,0.0,6.5,1.5,0.0,12.0,8.0,4.0,0.0,0.0
FY26_P11_Utilization_2026-08.csv,CC-2010,Project Management,Amara Petrova,Billable Staff,L2 Engineer,83.46,78.42,85.00,-6.58,72.09,61.91,78.00,-16.09,152.0,120.0,94.1,25.9,0.0,3.7,14.4,1.6,1.6,0.0,4.1,0.5,0.0,32.0,8.0,24.0,0.0,16.0
FY26_P11_Utilization_2026-08.csv,CC-2010,Project Management,Bennett Duarte,Billable Staff,L3 Senior Engineer,87.94,85.53,85.00,0.53,79.20,77.38,78.00,-0.62,168.0,152.0,130.0,22.0,0.0,5.3,1.0,3.6,3.2,0.0,6.8,2.1,0.0,16.0,8.0,8.0,0.0,0.0
FY26_P11_Utilization_2026-08.csv,CC-2010,Project Management,Camille Halvorsen,Project Leadership,L5 Principal,28.30,25.91,55.00,-29.09,23.60,20.36,50.50,-30.14,168.0,132.0,34.2,97.8,0.0,3.7,68.7,10.5,13.2,0.0,1.0,0.7,10.0,36.0,8.0,24.0,4.0,0.0
FY26_P11_Utilization_2026-08.csv,CC-2010,Project Management,Devon Ferreira,Billable Staff,L3 Senior Engineer,74.17,65.69,85.00,-19.31,60.73,45.36,78.00,-32.64,168.0,116.0,76.2,39.8,0.0,4.5,21.7,2.5,2.4,7.6,0.0,1.1,0.0,52.0,8.0,44.0,0.0,0.0
FY26_P11_Utilization_2026-08.csv,CC-2010,Project Management,Elena Moreau,Project Leadership,L4 Manager,58.52,60.14,60.00,0.14,47.71,46.92,55.00,-8.08,182.0,142.0,85.4,56.6,14.0,4.3,15.8,9.4,21.9,0.0,3.1,2.1,0.0,40.0,16.0,24.0,0.0,0.0
FY26_P11_Utilization_2026-08.csv,CC-2010,Project Management,Farid Iverson,Billable Staff,L2 Engineer,80.97,89.57,85.00,4.57,70.30,74.64,78.00,-3.36,168.0,140.0,125.4,14.6,0.0,5.2,0.7,1.3,1.2,0.0,5.6,0.6,0.0,28.0,8.0,12.0,8.0,0.0
FY26_P11_Utilization_2026-08.csv,CC-2010,Project Management,Grace Vasquez,Billable Staff,L2 Engineer,87.50,88.91,85.00,3.91,74.32,67.74,78.00,-10.26,168.0,128.0,113.8,14.2,0.0,6.0,0.8,1.2,1.7,0.0,3.4,1.1,0.0,40.0,8.0,24.0,8.0,0.0
FY26_P11_Utilization_2026-08.csv,CC-2010,Project Management,Hassan Larkin,Billable Staff,L2 Engineer,64.55,70.27,85.00,-14.73,53.94,59.09,78.00,-18.91,176.0,148.0,104.0,44.0,8.0,6.6,23.9,1.6,2.2,0.0,8.6,1.1,0.0,28.0,8.0,20.0,0.0,0.0
FY26_P11_Utilization_2026-08.csv,CC-2010,Project Management,Imani Okafor,Billable Staff,L1 Analyst,74.32,85.83,80.00,5.83,66.51,73.57,73.50,0.07,168.0,144.0,123.6,20.4,0.0,6.9,1.6,0.6,0.8,5.3,4.7,0.5,10.0,24.0,8.0,16.0,0.0,0.0
FY26_P11_Utilization_2026-08.csv,CC-2010,Project Management,Jonas Nakamura,Project Leadership,L4 Manager,61.01,63.64,60.00,3.64,52.89,50.00,55.00,-5.00,168.0,132.0,84.0,48.0,0.0,4.3,8.8,5.4,17.3,5.6,6.3,0.3,12.0,36.0,8.0,24.0,4.0,0.0
FY26_P11_Utilization_2026-08.csv,CC-3010,Field Services,Katya Fontaine,Billable Staff,L2 Engineer,73.79,64.86,85.00,-20.14,65.30,55.60,78.00,-22.40,168.0,144.0,93.4,50.6,0.0,4.8,40.6,1.8,1.6,0.0,1.1,0.7,0.0,24.0,8.0,16.0,0.0,0.0
FY26_P11_Utilization_2026-08.csv,CC-3010,Field Services,Liam Novak,Billable Staff,L3 Senior Engineer,80.63,85.38,85.00,0.38,70.37,67.08,78.00,-10.92,168.0,132.0,112.7,19.3,0.0,3.1,0.0,1.7,3.1,7.7,2.6,1.1,0.0,36.0,8.0,20.0,8.0,0.0
FY26_P11_Utilization_2026-08.csv,CC-3010,Field Services,Maren Ashworth,Billable Staff,L3 Senior Engineer,88.74,83.16,85.00,-1.84,75.58,69.16,78.00,-8.84,190.0,158.0,131.4,26.6,22.0,3.7,0.0,3.3,4.0,8.5,6.8,0.3,0.0,32.0,8.0,16.0,8.0,0.0
FY26_P11_Utilization_2026-08.csv,CC-3010,Field Services,Nikhil Haddad,Billable Staff,L3 Senior Engineer,74.28,73.75,85.00,-11.25,64.65,63.21,78.00,-14.79,168.0,144.0,106.2,37.8,0.0,7.1,11.8,2.9,3.6,9.2,2.5,0.7,0.0,24.0,8.0,16.0,0.0,0.0
FY26_P11_Utilization_2026-08.csv,CC-3010,Field Services,Odessa Kowalski,Project Leadership,L4 Manager,69.54,71.67,60.00,11.67,59.73,63.79,55.00,8.79,182.0,162.0,116.1,45.9,14.0,5.7,3.1,4.7,21.7,0.0,10.2,0.5,0.0,20.0,8.0,12.0,0.0,0.0
FY26_P11_Utilization_2026-08.csv,CC-3010,Field Services,Priya Bergstrom,Billable Staff,L2 Engineer,87.71,85.92,85.00,0.92,76.24,72.53,78.00,-5.47,154.0,130.0,111.7,18.3,6.0,5.7,2.3,0.8,1.4,0.0,7.5,0.6,4.0,24.0,8.0,16.0,0.0,20.0
FY26_P11_Utilization_2026-08.csv,CC-3010,Field Services,Quentin Delacroix,Billable Staff,L3 Senior Engineer,83.12,90.59,85.00,5.59,74.30,73.33,78.00,-4.67,168.0,136.0,123.2,12.8,0.0,2.0,0.0,0.8,1.9,3.5,4.0,0.6,0.0,32.0,8.0,24.0,0.0,0.0
FY26_P11_Utilization_2026-08.csv,CC-3010,Field Services,Rosalind Ashby,Project Leadership,L4 Manager,58.29,48.00,60.00,-12.00,53.16,45.71,55.00,-9.29,168.0,160.0,76.8,83.2,0.0,7.0,37.5,8.3,27.0,0.0,2.4,1.0,0.0,8.0,8.0,0.0,0.0,0.0
FY26_P11_Utilization_2026-08.csv,CC-3010,Field Services,Soren Salazar,Project Leadership,L4 Manager,63.87,67.20,60.00,7.20,54.61,52.80,55.00,-2.20,168.0,132.0,88.7,43.3,0.0,3.8,1.6,6.7,24.3,0.0,6.7,0.2,0.0,36.0,8.0,28.0,0.0,0.0
FY26_P11_Utilization_2026-08.csv,CC-3010,Field Services,Tamsin Thorne,Project Leadership,L4 Manager,56.42,58.38,60.00,-1.62,48.26,51.43,55.00,-3.57,168.0,148.0,86.4,61.6,0.0,4.4,6.3,10.3,33.6,0.0,5.6,1.4,0.0,20.0,8.0,12.0,0.0,0.0
FY26_P11_Utilization_2026-08.csv,CC-4010,Digital Solutions,Adaeze Whitfield,Billable Staff,L3 Senior Engineer,78.42,91.39,85.00,6.39,67.59,78.33,78.00,0.33,168.0,144.0,131.6,12.4,0.0,2.0,0.0,1.3,2.2,3.4,2.9,0.6,0.0,24.0,8.0,16.0,0.0,0.0
FY26_P11_Utilization_2026-08.csv,CC-4010,Digital Solutions,Bruno Rathore,Project Leadership,L4 Manager,64.55,62.64,60.00,2.64,56.55,53.69,55.00,-1.31,168.0,144.0,90.2,53.8,0.0,6.0,7.5,6.7,23.3,5.9,3.7,0.7,0.0,24.0,8.0,8.0,8.0,0.0
FY26_P11_Utilization_2026-08.csv,CC-4010,Digital Solutions,Clara Carrasco,Project Leadership,L4 Manager,49.90,51.46,60.00,-8.54,44.64,44.11,55.00,-10.89,168.0,144.0,74.1,69.9,0.0,4.6,18.7,9.0,24.2,7.4,5.5,0.5,10.0,24.0,16.0,8.0,0.0,0.0
FY26_P11_Utilization_2026-08.csv,CC-4010,Digital Solutions,Dmitri Yilmaz,Billable Staff,L3 Senior Engineer,86.74,92.02,85.00,7.02,73.91,67.92,78.00,-10.08,168.0,124.0,114.1,9.9,0.0,1.8,0.0,1.2,1.1,3.2,2.3,0.3,0.0,44.0,8.0,32.0,4.0,0.0
FY26_P11_Utilization_2026-08.csv,CC-4010,Digital Solutions,Ulises Sandoval,Project Leadership,L4 Manager,53.14,61.02,60.00,1.02,46.37,46.49,55.00,-8.51,168.0,128.0,78.1,49.9,0.0,4.3,0.0,4.7,24.5,8.1,7.1,1.2,4.0,40.0,8.0,28.0,4.0,0.0
FY26_P11_Utilization_2026-08.csv,CC-4010,Digital Solutions,Vera Lindqvist,Billable Staff,L2 Engineer,77.46,74.43,85.00,-10.57,66.83,71.15,78.00,-6.85,182.0,174.0,129.5,44.5,14.0,6.0,29.4,1.4,1.6,0.0,3.5,2.6,0.0,8.0,8.0,0.0,0.0,0.0
FY26_P11_Utilization_2026-08.csv,CC-4010,Digital Solutions,Wren Beaumont,Billable Staff,L3 Senior Engineer,53.50,29.86,85.00,-55.14,47.28,25.60,78.00,-52.40,168.0,144.0,43.0,101.0,0.0,4.9,76.4,2.8,4.9,7.4,3.8,0.8,0.0,24.0,8.0,16.0,0.0,0.0
FY26_P11_Utilization_2026-08.csv,CC-4010,Digital Solutions,Xiomara Mbeki,Project Leadership,L4 Manager,57.97,57.08,60.00,-2.92,49.15,38.06,55.00,-16.94,144.0,96.0,54.8,41.2,0.0,3.7,7.7,3.6,20.9,0.0,4.3,1.0,0.0,48.0,8.0,32.0,8.0,24.0
FY26_P11_Utilization_2026-08.csv,CC-4010,Digital Solutions,Yusuf Adeyemi,Billable Staff,L2 Engineer,82.99,85.37,85.00,0.37,72.09,81.40,78.00,3.40,172.0,164.0,140.0,24.0,4.0,4.1,4.0,1.6,1.6,6.2,6.5,0.0,0.0,8.0,8.0,0.0,0.0,0.0
FY26_P11_Utilization_2026-08.csv,CC-4010,Digital Solutions,Zara Mensah,Project Leadership,L4 Manager,33.84,34.47,60.00,-25.53,30.06,27.08,55.00,-27.92,168.0,132.0,45.5,86.5,0.0,6.2,53.5,7.3,11.2,0.0,7.4,0.9,0.0,36.0,8.0,20.0,8.0,0.0
FY26_P12_Utilization_2026-09.csv,CC-1010,Structural Engineering,Amara Ashby,Billable Staff,L3 Senior Engineer,91.02,96.89,85.00,11.89,78.65,90.28,78.00,12.28,176.0,164.0,158.9,5.1,0.0,1.8,0.0,1.0,0.8,0.0,1.3,0.2,0.0,12.0,8.0,4.0,0.0,0.0
FY26_P12_Utilization_2026-09.csv,CC-1010,Structural Engineering,Bennett Salazar,Billable Staff,L3 Senior Engineer,94.32,98.42,85.00,13.42,83.33,85.00,78.00,7.00,176.0,152.0,149.6,2.4,0.0,0.7,0.0,0.4,0.6,0.0,0.5,0.2,0.0,24.0,8.0,16.0,0.0,0.0
FY26_P12_Utilization_2026-09.csv,CC-1010,Structural Engineering,Camille Thorne,Billable Staff,L3 Senior Engineer,91.00,94.44,85.00,9.44,77.83,85.85,78.00,7.85,176.0,160.0,151.1,8.9,0.0,1.4,0.0,0.7,1.7,3.2,1.6,0.3,0.0,16.0,8.0,8.0,0.0,0.0
FY26_P12_Utilization_2026-09.csv,CC-1010,Structural Engineering,Devon Sandoval,Billable Staff,L1 Analyst,81.22,88.69,80.00,8.69,71.07,80.63,73.50,7.13,176.0,160.0,141.9,18.1,0.0,5.0,0.0,0.3,0.5,8.5,2.5,1.3,0.0,16.0,8.0,8.0,0.0,0.0
FY26_P12_Utilization_2026-09.csv,CC-1010,Structural Engineering,Elena Lindqvist,Billable Staff,L1 Analyst,58.95,50.59,80.00,-29.41,48.78,43.69,73.50,-29.81,176.0,152.0,76.9,75.1,0.0,6.9,57.2,0.7,1.0,0.0,8.0,1.3,0.0,24.0,16.0,8.0,0.0,0.0
FY26_P12_Utilization_2026-09.csv,CC-1010,Structural Engineering,Farid Beaumont,Billable Staff,L3 Senior Engineer,94.42,95.91,85.00,10.91,79.40,89.38,78.00,11.38,176.0,164.0,157.3,6.7,0.0,1.1,0.0,0.6,1.6,1.4,1.7,0.3,0.0,12.0,8.0,4.0,0.0,0.0
FY26_P12_Utilization_2026-09.csv,CC-1010,Structural Engineering,Grace Mbeki,Billable Staff,L1 Analyst,70.73,68.64,80.00,-11.36,57.52,54.60,73.50,-18.90,176.0,140.0,96.1,43.9,0.0,3.8,37.8,1.0,0.8,0.2,0.0,0.3,0.0,36.0,16.0,20.0,0.0,0.0
FY26_P12_Utilization_2026-09.csv,CC-1010,Structural Engineering,Hassan Adeyemi,Billable Staff,L2 Engineer,58.73,51.12,85.00,-33.88,52.01,44.15,78.00,-33.85,176.0,152.0,77.7,74.3,0.0,4.9,64.5,1.4,1.8,0.0,0.9,0.8,0.0,24.0,8.0,8.0,8.0,0.0
FY26_P12_Utilization_2026-09.csv,CC-1010,Structural Engineering,Imani Mensah,Billable Staff,L3 Senior Engineer,82.71,84.55,85.00,-0.45,72.98,74.94,78.00,-3.06,176.0,156.0,131.9,24.1,0.0,5.3,0.0,2.5,4.8,5.1,6.3,0.1,0.0,20.0,8.0,12.0,0.0,0.0
FY26_P12_Utilization_2026-09.csv,CC-1010,Structural Engineering,Jonas Whitfield,Billable Staff,L1 Analyst,70.51,63.79,80.00,-16.21,61.39,58.75,73.50,-14.75,152.0,140.0,89.3,50.7,0.0,4.7,33.9,0.8,0.7,1.3,7.8,1.5,0.0,12.0,8.0,4.0,0.0,24.0
FY26_P12_Utilization_2026-09.csv,CC-1010,Structural Engineering,Katya Rathore,Billable Staff,L1 Analyst,78.61,86.81,80.00,6.81,68.49,78.92,73.50,5.42,176.0,160.0,138.9,21.1,0.0,5.5,0.0,0.8,0.6,8.1,6.0,0.1,0.0,16.0,8.0,0.0,8.0,0.0
FY26_P12_Utilization_2026-09.csv,CC-1020,Mechanical Engineering,Liam Carrasco,Project Leadership,L4 Manager,60.68,60.31,60.00,0.31,52.94,54.83,55.00,-0.17,176.0,160.0,96.5,63.5,0.0,6.0,20.3,2.5,25.7,0.0,7.3,1.7,0.0,16.0,8.0,8.0,0.0,0.0
FY26_P12_Utilization_2026-09.csv,CC-1020,Mechanical Engineering,Maren Yilmaz,Billable Staff,L3 Senior Engineer,90.42,91.67,85.00,6.67,79.24,81.25,78.00,3.25,176.0,156.0,143.0,13.0,0.0,4.2,0.0,2.5,3.3,0.0,2.9,0.1,4.0,20.0,8.0,12.0,0.0,0.0
FY26_P12_Utilization_2026-09.csv,CC-1020,Mechanical Engineering,Nikhil Petrova,Billable Staff,L2 Engineer,61.48,71.00,85.00,-14.00,53.71,64.55,78.00,-13.45,176.0,160.0,113.6,46.4,0.0,7.3,32.6,0.9,1.1,0.0,3.4,1.1,0.0,16.0,8.0,8.0,0.0,0.0
FY26_P12_Utilization_2026-09.csv,CC-1020,Mechanical Engineering,Odessa Duarte,Billable Staff,L2 Engineer,86.15,88.25,85.00,3.25,76.51,80.23,78.00,2.23,176.0,160.0,141.2,18.8,0.0,6.0,3.5,1.8,2.0,1.5,1.8,2.2,0.0,16.0,8.0,8.0,0.0,0.0
FY26_P12_Utilization_2026-09.csv,CC-1020,Mechanical Engineering,Priya Halvorsen,Billable Staff,L2 Engineer,81.50,74.09,85.00,-10.91,68.96,69.03,78.00,-8.97,176.0,164.0,121.5,42.5,0.0,7.7,18.9,1.4,1.7,7.3,4.8,0.7,0.0,12.0,8.0,4.0,0.0,0.0
FY26_P12_Utilization_2026-09.csv,CC-1020,Mechanical Engineering,Quentin Ferreira,Project Leadership,L5 Principal,60.85,53.04,55.00,-1.96,51.48,44.60,50.50,-5.90,176.0,148.0,78.5,69.5,0.0,7.0,24.4,8.4,11.9,9.8,6.6,1.4,0.0,28.0,8.0,16.0,4.0,0.0
FY26_P12_Utilization_2026-09.csv,CC-1020,Mechanical Engineering,Rosalind Moreau,Billable Staff,L1 Analyst,77.73,84.49,80.00,4.49,66.01,74.89,73.50,1.39,176.0,156.0,131.8,24.2,0.0,7.0,1.2,0.5,1.0,6.2,6.6,1.7,6.0,20.0,8.0,12.0,0.0,0.0
FY26_P12_Utilization_2026-09.csv,CC-1020,Mechanical Engineering,Soren Iverson,Billable Staff,L3 Senior Engineer,82.17,84.89,85.00,-0.11,72.00,79.47,78.00,1.47,188.0,176.0,149.4,26.6,12.0,6.2,4.8,4.2,3.7,0.0,5.7,2.0,0.0,12.0,8.0,4.0,0.0,0.0
FY26_P12_Utilization_2026-09.csv,CC-1020,Mechanical Engineering,Tamsin Vasquez,Billable Staff,L1 Analyst,66.90,69.62,80.00,-10.38,56.04,61.70,73.50,-11.80,176.0,156.0,108.6,47.4,0.0,7.5,23.9,1.4,0.9,9.1,2.9,1.7,0.0,20.0,8.0,8.0,4.0,0.0
FY26_P12_Utilization_2026-09.csv,CC-1020,Mechanical Engineering,Ulises Larkin,Project Leadership,L4 Manager,69.94,73.50,60.00,13.50,62.73,66.82,55.00,11.82,176.0,160.0,117.6,42.4,0.0,2.6,0.0,9.4,22.1,7.3,0.8,0.2,0.0,16.0,8.0,4.0,4.0,0.0
FY26_P12_Utilization_2026-09.csv,CC-1030,Electrical Engineering,Adaeze Haddad,Billable Staff,L3 Senior Engineer,85.67,92.05,85.00,7.05,76.99,81.59,78.00,3.59,176.0,156.0,143.6,12.4,0.0,2.9,0.0,2.5,2.4,0.0,4.2,0.4,0.0,20.0,8.0,12.0,0.0,0.0
FY26_P12_Utilization_2026-09.csv,CC-1030,Electrical Engineering,Bruno Kowalski,Project Leadership,L4 Manager,57.72,64.70,60.00,4.70,51.27,61.76,55.00,6.76,176.0,168.0,108.7,59.3,0.0,7.3,25.0,1.7,15.4,0.0,9.3,0.6,0.0,8.0,8.0,0.0,0.0,0.0
FY26_P12_Utilization_2026-09.csv,CC-1030,Electrical Engineering,Clara Bergstrom,Project Leadership,L5 Principal,56.01,51.99,55.00,-3.01,50.43,46.08,50.50,-4.42,176.0,156.0,81.1,74.9,0.0,5.1,35.1,19.6,13.5,0.0,0.0,1.6,0.0,20.0,8.0,12.0,0.0,0.0
FY26_P12_Utilization_2026-09.csv,CC-1030,Electrical Engineering,Dmitri Delacroix,Billable Staff,L1 Analyst,71.32,70.30,80.00,-9.70,62.14,67.10,73.50,-6.40,176.0,168.0,118.1,49.9,0.0,7.0,33.9,1.0,0.7,0.0,5.3,2.0,0.0,8.0,8.0,0.0,0.0,0.0
FY26_P12_Utilization_2026-09.csv,CC-1030,Electrical Engineering,Vera Okafor,Billable Staff,L3 Senior Engineer,93.32,98.54,85.00,13.54,80.48,91.82,78.00,13.82,176.0,164.0,161.6,2.4,0.0,0.6,0.0,0.4,0.7,0.0,0.4,0.3,0.0,12.0,8.0,4.0,0.0,0.0
FY26_P12_Utilization_2026-09.csv,CC-1030,Electrical Engineering,Wren Nakamura,Overhead,L2 Engineer,21.62,27.62,25.00,2.62,19.09,25.74,23.00,2.74,176.0,164.0,45.3,118.7,0.0,7.0,96.0,10.9,1.5,0.0,3.2,0.1,0.0,12.0,8.0,4.0,0.0,0.0
FY26_P12_Utilization_2026-09.csv,CC-1030,Electrical Engineering,Xiomara Fontaine,Overhead,L4 Manager,16.62,27.23,25.00,2.23,14.34,22.90,23.00,-0.10,176.0,148.0,40.3,107.7,0.0,4.7,67.9,12.8,19.2,0.0,1.9,1.2,0.0,28.0,8.0,16.0,4.0,0.0
FY26_P12_Utilization_2026-09.csv,CC-1030,Electrical Engineering,Yusuf Novak,Billable Staff,L2 Engineer,73.05,83.33,85.00,-1.67,63.30,73.86,78.00,-4.14,176.0,156.0,130.0,26.0,0.0,4.0,11.6,1.6,1.9,0.6,5.2,1.1,0.0,20.0,8.0,4.0,8.0,0.0
FY26_P12_Utilization_2026-09.csv,CC-1030,Electrical Engineering,Zara Ashworth,Project Leadership,L5 Principal,56.54,62.88,55.00,7.88,49.12,55.74,50.50,5.24,176.0,156.0,98.1,57.9,0.0,7.0,8.7,15.6,14.7,9.5,2.0,0.4,0.0,20.0,8.0,12.0,0.0,0.0
FY26_P12_Utilization_2026-09.csv,CC-2010,Project Management,Amara Petrova,Billable Staff,L2 Engineer,83.12,79.63,85.00,-5.37,72.27,74.20,78.00,-3.80,176.0,164.0,130.6,33.4,0.0,6.6,20.1,2.5,1.8,0.0,1.6,0.8,0.0,12.0,8.0,4.0,0.0,0.0
FY26_P12_Utilization_2026-09.csv,CC-2010,Project Management,Bennett Duarte,Billable Staff,L3 Senior Engineer,88.58,96.01,85.00,11.01,79.33,80.74,78.00,2.74,176.0,148.0,142.1,5.9,0.0,2.0,0.0,1.5,1.5,0.0,0.7,0.2,8.0,28.0,8.0,16.0,4.0,0.0
FY26_P12_Utilization_2026-09.csv,CC-2010,Project Management,Camille Halvorsen,Project Leadership,L5 Principal,28.60,31.49,55.00,-23.51,24.15,30.06,50.50,-20.44,176.0,168.0,52.9,115.1,0.0,8.1,64.8,16.0,17.9,0.0,7.1,1.2,0.0,8.0,8.0,0.0,0.0,0.0
FY26_P12_Utilization_2026-09.csv,CC-2010,Project Management,Devon Ferreira,Billable Staff,L3 Senior Engineer,73.63,68.38,85.00,-16.62,60.85,62.16,78.00,-15.84,176.0,160.0,109.4,50.6,0.0,4.8,29.3,1.7,2.0,5.3,7.0,0.5,0.0,16.0,8.0,4.0,4.0,0.0
FY26_P12_Utilization_2026-09.csv,CC-2010,Project Management,Elena Moreau,Project Leadership,L4 Manager,59.44,68.23,60.00,8.23,49.03,63.58,55.00,8.58,176.0,164.0,111.9,52.1,0.0,7.4,1.1,5.3,31.3,3.1,3.3,0.6,0.0,12.0,8.0,4.0,0.0,0.0
FY26_P12_Utilization_2026-09.csv,CC-2010,Project Management,Farid Iverson,Billable Staff,L2 Engineer,82.70,98.52,85.00,13.52,72.20,90.56,78.00,12.56,198.0,182.0,179.3,2.7,22.0,0.9,0.0,0.5,0.4,0.0,0.4,0.5,0.0,16.0,8.0,4.0,4.0,0.0
FY26_P12_Utilization_2026-09.csv,CC-2010,Project Management,Grace Vasquez,Billable Staff,L2 Engineer,88.20,95.58,85.00,10.58,75.18,84.72,78.00,6.72,176.0,156.0,149.1,6.9,0.0,3.1,0.0,0.8,0.7,0.0,1.3,1.0,0.0,20.0,8.0,8.0,4.0,0.0
FY26_P12_Utilization_2026-09.csv,CC-2010,Project Management,Hassan Larkin,Billable Staff,L2 Engineer,65.57,76.22,85.00,-8.78,55.07,67.56,78.00,-10.44,176.0,156.0,118.9,37.1,0.0,6.3,24.0,1.7,1.3,0.0,3.4,0.4,0.0,20.0,8.0,12.0,0.0,0.0
FY26_P12_Utilization_2026-09.csv,CC-2010,Project Management,Imani Okafor,Billable Staff,L1 Analyst,75.59,89.02,80.00,9.02,67.87,82.95,73.50,9.45,176.0,164.0,146.0,18.0,0.0,4.3,10.0,0.3,1.0,0.0,0.0,2.4,0.0,12.0,8.0,4.0,0.0,0.0
FY26_P12_Utilization_2026-09.csv,CC-2010,Project Management,Jonas Nakamura,Project Leadership,L4 Manager,61.13,62.38,60.00,2.38,53.21,56.70,55.00,1.70,176.0,160.0,99.8,60.2,0.0,7.9,2.7,9.0,37.3,0.5,0.7,2.1,12.0,16.0,8.0,8.0,0.0,0.0
FY26_P12_Utilization_2026-09.csv,CC-3010,Field Services,Katya Fontaine,Billable Staff,L2 Engineer,73.44,69.17,85.00,-15.83,64.59,56.59,78.00,-21.41,176.0,144.0,99.6,44.4,0.0,6.2,31.6,1.9,0.8,0.0,2.6,1.3,0.0,32.0,16.0,8.0,8.0,0.0
FY26_P12_Utilization_2026-09.csv,CC-3010,Field Services,Liam Novak,Billable Staff,L3 Senior Engineer,81.24,87.69,85.00,2.69,71.16,79.72,78.00,1.72,176.0,160.0,140.3,19.7,0.0,5.9,0.0,1.8,3.9,0.0,6.3,1.8,0.0,16.0,8.0,8.0,0.0,0.0
FY26_P12_Utilization_2026-09.csv,CC-3010,Field Services,Maren Ashworth,Billable Staff,L3 Senior Engineer,89.41,96.60,85.00,11.60,76.41,85.63,78.00,7.63,176.0,156.0,150.7,5.3,0.0,1.1,0.0,0.8,1.0,0.0,1.9,0.5,0.0,20.0,16.0,4.0,0.0,0.0
FY26_P12_Utilization_2026-09.csv,CC-3010,Field Services,Nikhil Haddad,Billable Staff,L3 Senior Engineer,74.33,74.84,85.00,-10.16,65.17,70.30,78.00,-7.70,198.0,186.0,139.2,46.8,22.0,8.4,15.5,3.2,6.4,8.6,2.6,2.1,0.0,12.0,8.0,4.0,0.0,0.0
FY26_P12_Utilization_2026-09.csv,CC-3010,Field Services,Odessa Kowalski,Project Leadership,L4 Manager,69.29,66.51,60.00,6.51,59.54,57.44,55.00,2.44,176.0,152.0,101.1,50.9,0.0,4.3,6.2,5.1,30.2,0.0,4.5,0.6,16.0,24.0,8.0,8.0,8.0,0.0
FY26_P12_Utilization_2026-09.csv,CC-3010,Field Services,Priya Bergstrom,Billable Staff,L2 Engineer,87.51,85.33,85.00,0.33,76.03,73.69,78.00,-4.31,176.0,152.0,129.7,22.3,0.0,7.1,3.1,0.7,1.4,0.0,8.6,1.4,0.0,24.0,8.0,8.0,8.0,0.0
FY26_P12_Utilization_2026-09.csv,CC-3010,Field Services,Quentin Delacroix,Billable Staff,L3 Senior Engineer,84.36,97.62,85.00,12.62,75.67,90.97,78.00,12.97,176.0,164.0,160.1,3.9,0.0,0.9,0.0,0.4,0.7,1.1,0.6,0.2,0.0,12.0,8.0,4.0,0.0,0.0
FY26_P12_Utilization_2026-09.csv,CC-3010,Field Services,Rosalind Ashby,Project Leadership,L4 Manager,58.52,61.15,60.00,1.15,53.24,54.20,55.00,-0.80,176.0,156.0,95.4,60.6,0.0,6.9,14.1,6.5,28.5,0.0,3.5,1.1,0.0,20.0,8.0,12.0,0.0,0.0
FY26_P12_Utilization_2026-09.csv,CC-3010,Field Services,Soren Salazar,Project Leadership,L4 Manager,64.40,69.48,60.00,9.48,55.32,62.32,55.00,7.32,194.0,174.0,120.9,53.1,18.0,4.5,0.0,3.3,29.1,6.7,7.2,2.3,0.0,20.0,8.0,8.0,4.0,0.0
FY26_P12_Utilization_2026-09.csv,CC-3010,Field Services,Tamsin Thorne,Project Leadership,L4 Manager,56.82,60.85,60.00,0.85,48.96,56.70,55.00,1.70,176.0,164.0,99.8,64.2,0.0,7.6,18.0,6.3,25.3,4.7,1.9,0.4,0.0,12.0,8.0,4.0,0.0,0.0
FY26_P12_Utilization_2026-09.csv,CC-4010,Digital Solutions,Adaeze Whitfield,Billable Staff,L3 Senior Engineer,80.17,97.90,85.00,12.90,69.43,89.10,78.00,11.10,178.0,162.0,158.6,3.4,2.0,1.3,0.0,0.4,0.8,0.0,0.5,0.4,0.0,16.0,8.0,8.0,0.0,0.0
FY26_P12_Utilization_2026-09.csv,CC-4010,Digital Solutions,Bruno Rathore,Project Leadership,L4 Manager,64.52,64.15,60.00,4.15,56.82,59.77,55.00,4.77,176.0,164.0,105.2,58.8,0.0,6.4,0.0,7.9,36.2,0.0,7.1,1.2,10.0,12.0,8.0,4.0,0.0,0.0
FY26_P12_Utilization_2026-09.csv,CC-4010,Digital Solutions,Clara Carrasco,Project Leadership,L4 Manager,49.99,50.96,60.00,-9.04,44.68,45.17,55.00,-9.83,176.0,156.0,79.5,76.5,0.0,7.4,47.0,3.7,16.7,0.0,1.0,0.7,0.0,20.0,8.0,8.0,4.0,0.0
FY26_P12_Utilization_2026-09.csv,CC-4010,Digital Solutions,Dmitri Yilmaz,Billable Staff,L3 Senior Engineer,85.77,75.45,85.00,-9.55,73.32,66.88,78.00,-11.12,176.0,156.0,117.7,38.3,0.0,4.7,8.9,3.7,5.3,11.8,2.5,1.4,2.0,20.0,8.0,12.0,0.0,0.0
FY26_P12_Utilization_2026-09.csv,CC-4010,Digital Solutions,Ulises Sandoval,Project Leadership,L4 Manager,52.78,49.00,60.00,-11.00,46.22,44.55,55.00,-10.45,176.0,160.0,78.4,81.6,0.0,5.7,25.1,8.6,26.7,7.8,5.6,2.1,0.0,16.0,8.0,8.0,0.0,0.0
FY26_P12_Utilization_2026-09.csv,CC-4010,Digital Solutions,Vera Lindqvist,Billable Staff,L2 Engineer,78.49,90.13,85.00,5.13,67.72,77.84,78.00,-0.16,176.0,152.0,137.0,15.0,0.0,4.9,1.7,1.0,1.7,0.0,3.6,2.1,0.0,24.0,8.0,16.0,0.0,0.0
FY26_P12_Utilization_2026-09.csv,CC-4010,Digital Solutions,Wren Beaumont,Billable Staff,L3 Senior Engineer,51.10,24.36,85.00,-60.64,45.16,21.59,78.00,-56.41,176.0,156.0,38.0,118.0,0.0,5.5,101.0,1.5,5.8,0.0,2.4,1.8,0.0,20.0,8.0,12.0,0.0,0.0
FY26_P12_Utilization_2026-09.csv,CC-4010,Digital Solutions,Xiomara Mbeki,Project Leadership,L4 Manager,56.57,42.87,60.00,-17.13,48.37,39.94,55.00,-15.06,176.0,164.0,70.3,93.7,0.0,4.8,34.4,12.8,33.9,0.0,6.9,0.9,14.0,12.0,8.0,4.0,0.0,0.0
FY26_P12_Utilization_2026-09.csv,CC-4010,Digital Solutions,Yusuf Adeyemi,Billable Staff,L2 Engineer,83.48,88.85,85.00,3.85,72.64,78.75,78.00,0.75,176.0,156.0,138.6,17.4,0.0,5.2,0.0,2.1,1.9,1.5,6.5,0.2,2.0,20.0,8.0,12.0,0.0,0.0
FY26_P12_Utilization_2026-09.csv,CC-4010,Digital Solutions,Zara Mensah,Project Leadership,L4 Manager,33.68,32.04,60.00,-27.96,29.92,28.52,55.00,-26.48,182.0,162.0,51.9,110.1,6.0,4.2,68.4,12.9,20.4,0.0,4.2,0.0,4.0,20.0,8.0,4.0,8.0,0.0
